#YY,MM,DD,hh,mm,WDIR,WSPD,GST,WVHT,DPD,APD,MWD,PRES,ATMP,WTMP,DEWP,VIS,PTDY,TIDE,READING_STATION_ID
#yr,mo,dy,hr,mn,degT,m/s,m/s,m,sec,sec,degT,hPa,degC,degC,degC,nmi,hPa,ft,44032
2021,09,11,15,04,250,4.0,5.0,MM,MM,MM,MM,1019.6,16.1,16.3,MM,1.6,MM,MM,44032
2021,09,11,14,04,270,6.0,7.0,MM,MM,MM,MM,1019.6,15.8,16.2,MM,1.6,MM,MM,44032
2021,09,11,13,04,270,6.0,7.0,MM,MM,MM,MM,1019.1,16.0,16.2,MM,1.6,MM,MM,44032
2021,09,11,12,04,260,6.0,8.0,MM,MM,MM,MM,1018.5,16.1,16.2,MM,1.6,MM,MM,44032
2021,09,11,11,04,270,5.0,6.0,MM,MM,MM,MM,1017.9,16.0,16.2,MM,1.6,MM,MM,44032
2021,09,11,10,04,270,7.0,8.0,MM,MM,MM,MM,1017.0,15.8,16.3,MM,1.6,MM,MM,44032
2021,09,11,09,04,260,7.0,8.0,MM,MM,MM,MM,1016.5,15.9,16.3,MM,1.6,MM,MM,44032
2021,09,11,08,04,270,7.0,9.0,MM,MM,MM,MM,1015.8,16.2,16.3,MM,1.6,MM,MM,44032
2021,09,11,07,04,280,8.0,10.0,3.7,16,MM,MM,1014.7,16.3,16.4,MM,1.6,MM,MM,44032
2021,09,11,06,04,270,7.0,9.0,4.1,16,MM,MM,1013.9,16.4,16.7,MM,1.6,MM,MM,44032
2021,09,11,05,04,280,7.0,8.0,MM,MM,MM,MM,1013.6,16.6,16.7,MM,1.6,MM,MM,44032
2021,09,11,04,04,290,6.0,8.0,MM,MM,MM,MM,1012.8,16.5,16.7,MM,1.6,MM,MM,44032
2021,09,11,03,04,290,7.0,8.0,MM,MM,MM,MM,1012.5,16.7,16.7,MM,1.6,MM,MM,44032
2021,09,11,02,04,290,7.0,9.0,MM,MM,MM,MM,1011.6,17.0,16.8,MM,1.6,MM,MM,44032
2021,09,11,01,04,310,6.0,7.0,3.2,16,MM,MM,1010.9,17.6,16.9,MM,1.6,MM,MM,44032
2021,09,11,00,04,310,7.0,8.0,MM,MM,MM,MM,1009.8,18.1,16.9,MM,1.6,MM,MM,44032
2021,09,10,23,04,310,8.0,10.0,MM,MM,MM,MM,1008.4,18.8,17.0,MM,1.6,MM,MM,44032
2021,09,10,22,04,310,6.0,8.0,MM,MM,MM,MM,1007.4,19.1,17.2,MM,1.6,MM,MM,44032
2021,09,10,21,04,270,6.0,7.0,MM,MM,MM,MM,1006.5,18.2,17.2,MM,1.6,MM,MM,44032
2021,09,10,20,04,260,6.0,7.0,3.5,16,MM,MM,1006.0,18.2,17.4,MM,1.6,MM,MM,44032
2021,09,10,19,04,220,3.0,4.0,2.4,16,MM,MM,1005.5,18.2,17.4,MM,1.6,MM,MM,44032
2021,09,10,18,04,210,3.0,3.0,2.5,16,MM,MM,1005.7,18.0,17.4,MM,1.6,MM,MM,44032
2021,09,10,17,04,220,1.0,2.0,2.8,16,MM,MM,1005.9,17.8,17.0,MM,1.6,MM,MM,44032
2021,09,10,16,04,310,2.0,2.0,2.8,16,MM,MM,1006.0,17.2,16.9,MM,1.6,MM,MM,44032
2021,09,10,15,04,350,4.0,5.0,2.5,16,MM,MM,1005.9,16.9,16.8,MM,1.6,MM,MM,44032
2021,09,10,14,04,330,5.0,7.0,1.2,8,MM,MM,1006.0,16.6,16.6,MM,1.6,MM,MM,44032
2021,09,10,13,04,340,5.0,7.0,MM,MM,MM,MM,1005.6,16.0,16.5,MM,1.6,MM,MM,44032
2021,09,10,12,04,330,6.0,8.0,3.0,16,MM,MM,1005.4,16.3,16.6,MM,1.6,MM,MM,44032
2021,09,10,11,04,320,5.0,7.0,2.6,16,MM,MM,1005.1,16.4,16.6,MM,1.6,MM,MM,44032
2021,09,10,10,04,320,3.0,4.0,2.5,16,MM,MM,1004.4,16.5,16.6,MM,1.6,MM,MM,44032
2021,09,10,09,04,330,4.0,5.0,2.8,16,MM,MM,1003.9,16.9,16.6,MM,1.6,MM,MM,44032
2021,09,10,08,04,260,3.0,4.0,2.7,16,MM,MM,1003.5,17.1,16.6,MM,1.6,MM,MM,44032
2021,09,10,07,04,290,2.0,3.0,2.8,16,MM,MM,1004.1,16.7,16.6,MM,1.6,MM,MM,44032
2021,09,10,06,04,330,2.0,3.0,2.7,16,MM,MM,1003.7,16.9,16.6,MM,1.6,MM,MM,44032
2021,09,10,05,04,40,1.0,2.0,2.2,16,MM,MM,1004.3,16.8,16.6,MM,1.6,MM,MM,44032
2021,09,10,04,04,80,2.0,3.0,2.2,16,MM,MM,1005.0,16.9,16.6,MM,1.6,MM,MM,44032
2021,09,10,03,04,110,2.0,3.0,MM,MM,MM,MM,1005.6,17.1,16.3,MM,1.6,MM,MM,44032
2021,09,10,02,04,120,2.0,3.0,0.8,5,MM,MM,1006.2,17.2,16.1,MM,1.1,MM,MM,44032
2021,09,10,01,04,140,2.0,3.0,0.9,5,MM,MM,1007.2,16.9,16.1,MM,1.6,MM,MM,44032
2021,09,10,00,04,150,3.0,3.0,0.9,5,MM,MM,1007.9,16.9,16.1,MM,0.5,MM,MM,44032
2021,09,09,23,04,140,4.0,4.0,MM,MM,MM,MM,1007.8,16.9,16.2,MM,1.6,MM,MM,44032
2021,09,09,22,04,170,3.0,4.0,3.2,16,MM,MM,1008.2,17.4,16.2,MM,1.6,MM,MM,44032
2021,09,09,21,04,190,4.0,4.0,0.9,5,MM,MM,1008.3,17.2,16.2,MM,1.6,MM,MM,44032
2021,09,09,20,04,190,5.0,6.0,1.0,5,MM,MM,1008.4,17.3,16.1,MM,1.6,MM,MM,44032
2021,09,09,19,04,180,6.0,7.0,1.1,5,MM,MM,1008.9,17.5,16.0,MM,1.6,MM,MM,44032
2021,09,09,18,04,170,5.0,6.0,1.2,5,MM,MM,1008.9,17.2,16.0,MM,1.6,MM,MM,44032
2021,09,09,17,04,160,7.0,8.0,1.3,5,MM,MM,1008.8,17.6,15.9,MM,1.6,MM,MM,44032
2021,09,09,16,04,170,8.0,10.0,1.3,5,MM,MM,1009.4,17.8,15.9,MM,1.6,MM,MM,44032
2021,09,09,15,04,170,9.0,10.0,1.3,5,MM,MM,1010.1,17.3,15.9,MM,1.6,MM,MM,44032
2021,09,09,14,04,170,7.0,9.0,1.3,5,MM,MM,1010.5,17.7,15.9,MM,1.6,MM,MM,44032
2021,09,09,13,04,180,8.0,9.0,1.2,5,MM,MM,1010.3,17.9,16.0,MM,1.6,MM,MM,44032
2021,09,09,12,04,180,8.0,9.0,1.4,5,MM,MM,1009.9,17.9,16.0,MM,1.6,MM,MM,44032
2021,09,09,11,04,180,7.0,9.0,1.4,5,MM,MM,1009.8,18.0,15.9,MM,1.6,MM,MM,44032
2021,09,09,10,04,180,8.0,9.0,1.3,5,MM,MM,1009.9,18.0,15.9,MM,1.6,MM,MM,44032
2021,09,09,09,04,180,8.0,9.0,1.4,5,MM,MM,1009.7,18.1,16.0,MM,1.6,MM,MM,44032
2021,09,09,08,04,180,7.0,8.0,1.3,5,MM,MM,1010.1,18.0,16.0,MM,1.6,MM,MM,44032
2021,09,09,07,04,180,8.0,10.0,1.5,5,MM,MM,1010.0,18.3,16.1,MM,1.6,MM,MM,44032
2021,09,09,06,04,180,9.0,10.0,1.2,5,MM,MM,1009.8,18.5,16.1,MM,1.6,MM,MM,44032
2021,09,09,05,04,180,7.0,9.0,1.2,5,MM,MM,1010.4,18.0,16.0,MM,1.6,MM,MM,44032
2021,09,09,04,04,180,8.0,9.0,1.3,5,MM,MM,1010.6,18.2,16.1,MM,1.6,MM,MM,44032
2021,09,09,03,04,190,7.0,8.0,1.2,5,MM,MM,1011.1,18.0,16.1,MM,1.6,MM,MM,44032
2021,09,09,02,04,190,7.0,9.0,1.3,5,MM,MM,1011.1,18.0,16.2,MM,1.6,MM,MM,44032
2021,09,09,01,04,180,8.0,9.0,1.4,5,MM,MM,1011.2,18.0,16.2,MM,1.6,MM,MM,44032
2021,09,09,00,04,190,9.0,10.0,1.3,5,MM,MM,1010.9,18.3,16.3,MM,1.6,MM,MM,44032
2021,09,08,23,04,190,8.0,9.0,1.2,5,MM,MM,1011.0,18.3,16.5,MM,1.6,MM,MM,44032
2021,09,08,22,04,180,7.0,9.0,1.1,5,MM,MM,1011.0,18.5,16.5,MM,1.6,MM,MM,44032
2021,09,08,21,04,180,8.0,9.0,1.1,5,MM,MM,1011.0,18.3,16.5,MM,1.6,MM,MM,44032
2021,09,08,20,04,180,8.0,9.0,1.1,5,MM,MM,1011.1,18.1,16.5,MM,1.6,MM,MM,44032
2021,09,08,19,04,180,7.0,8.0,1.1,5,MM,MM,1011.5,17.8,16.5,MM,1.6,MM,MM,44032
2021,09,08,18,04,180,7.0,9.0,0.9,5,MM,MM,1011.9,17.9,16.5,MM,1.6,MM,MM,44032
2021,09,08,17,04,170,8.0,9.0,0.9,4,MM,MM,1012.0,17.8,16.6,MM,1.6,MM,MM,44032
2021,09,08,16,04,170,7.0,8.0,0.8,4,MM,MM,1012.7,17.6,16.5,MM,1.6,MM,MM,44032
2021,09,08,15,04,180,6.0,7.0,0.7,3,MM,MM,1013.3,17.5,16.4,MM,1.6,MM,MM,44032
2021,09,08,14,04,180,6.0,7.0,0.7,5,MM,MM,1013.6,17.6,16.4,MM,1.6,MM,MM,44032
2021,09,08,13,04,180,6.0,7.0,0.6,6,MM,MM,1013.4,17.3,16.2,MM,1.6,MM,MM,44032
2021,09,08,12,04,180,6.0,7.0,MM,MM,MM,MM,1013.4,17.5,16.2,MM,1.6,MM,MM,44032
2021,09,08,11,04,190,5.0,5.0,MM,MM,MM,MM,1013.7,17.4,16.1,MM,1.6,MM,MM,44032
2021,09,08,10,04,200,5.0,6.0,MM,MM,MM,MM,1013.6,17.0,16.1,MM,1.6,MM,MM,44032
2021,09,08,09,04,190,4.0,5.0,0.4,6,MM,MM,1013.3,16.7,16.2,MM,1.6,MM,MM,44032
2021,09,08,08,04,220,3.0,3.0,0.4,6,MM,MM,1013.3,16.6,16.2,MM,1.6,MM,MM,44032
2021,09,08,07,04,240,4.0,4.0,0.4,6,MM,MM,1013.3,16.9,16.2,MM,1.6,MM,MM,44032
2021,09,08,06,04,210,4.0,5.0,0.5,6,MM,MM,1013.3,17.2,16.3,MM,1.6,MM,MM,44032
2021,09,08,05,04,180,3.0,4.0,0.5,6,MM,MM,1013.2,17.0,16.4,MM,1.6,MM,MM,44032
2021,09,08,04,04,200,5.0,6.0,0.6,6,MM,MM,1013.3,17.1,16.3,MM,1.6,MM,MM,44032
2021,09,08,03,04,200,4.0,5.0,0.6,6,MM,MM,1013.6,17.0,16.3,MM,1.6,MM,MM,44032
2021,09,08,02,04,210,5.0,6.0,0.7,6,MM,MM,1013.3,17.2,16.3,MM,1.6,MM,MM,44032
2021,09,08,01,04,210,5.0,6.0,0.7,6,MM,MM,1013.3,17.4,16.3,MM,1.6,MM,MM,44032
2021,09,08,00,04,220,5.0,6.0,0.7,6,MM,MM,1013.1,17.4,16.4,MM,1.6,MM,MM,44032
2021,09,07,23,04,210,5.0,6.0,0.7,6,MM,MM,1012.7,17.2,16.4,MM,1.6,MM,MM,44032
2021,09,07,22,04,220,6.0,7.0,0.7,6,MM,MM,1012.1,17.8,16.5,MM,1.6,MM,MM,44032
2021,09,07,21,04,210,6.0,7.0,0.8,6,MM,MM,1011.9,17.7,16.4,MM,1.6,MM,MM,44032
2021,09,07,20,04,220,5.0,7.0,0.8,6,MM,MM,1012.0,18.0,16.4,MM,1.6,MM,MM,44032
2021,09,07,19,04,230,6.0,7.0,0.8,6,MM,MM,1011.9,17.7,16.5,MM,1.6,MM,MM,44032
2021,09,07,18,04,MM,MM,MM,0.8,6,MM,MM,MM,MM,16.3,MM,MM,MM,MM,44032
2021,09,07,17,04,230,5.0,6.0,0.8,6,MM,MM,1011.9,17.2,16.7,MM,1.6,MM,MM,44032
2021,09,07,16,04,230,4.0,4.0,0.8,6,MM,MM,1011.7,16.8,16.6,MM,1.6,MM,MM,44032
2021,09,07,15,04,270,3.0,4.0,0.9,8,MM,MM,1011.7,16.7,16.4,MM,1.6,MM,MM,44032
2021,09,07,14,04,250,3.0,3.0,0.8,5,MM,MM,1011.7,16.6,16.1,MM,1.6,MM,MM,44032
2021,09,07,13,04,260,3.0,3.0,0.8,5,MM,MM,1011.6,16.4,16.0,MM,1.6,MM,MM,44032
2021,09,07,12,04,270,4.0,5.0,0.8,4,MM,MM,1011.4,16.5,15.9,MM,1.6,MM,MM,44032
2021,09,07,11,04,270,5.0,6.0,0.8,4,MM,MM,1010.8,16.2,15.8,MM,1.6,MM,MM,44032
2021,09,07,10,04,280,5.0,6.0,0.8,4,MM,MM,1010.1,16.2,15.8,MM,1.6,MM,MM,44032
2021,09,07,09,04,270,7.0,8.0,0.8,6,MM,MM,1009.4,16.5,15.8,MM,1.6,MM,MM,44032
2021,09,07,08,04,260,6.0,8.0,0.7,6,MM,MM,1009.0,16.6,15.7,MM,1.6,MM,MM,44032
2021,09,07,07,04,260,6.0,7.0,0.8,6,MM,MM,1008.5,16.4,15.8,MM,1.6,MM,MM,44032
2021,09,07,06,04,260,4.0,5.0,0.8,6,MM,MM,1008.2,16.5,15.7,MM,1.6,MM,MM,44032
2021,09,07,05,04,270,4.0,5.0,0.9,6,MM,MM,1008.1,16.5,15.8,MM,1.6,MM,MM,44032
2021,09,07,04,04,270,3.0,4.0,0.8,6,MM,MM,1007.4,16.4,15.9,MM,1.6,MM,MM,44032
2021,09,07,03,04,270,3.0,3.0,0.8,5,MM,MM,1007.2,16.2,15.8,MM,1.6,MM,MM,44032
2021,09,07,02,04,280,3.0,4.0,0.8,5,MM,MM,1006.6,17.1,15.8,MM,1.6,MM,MM,44032
2021,09,07,01,04,270,5.0,6.0,0.7,5,MM,MM,1006.2,17.4,15.9,MM,1.6,MM,MM,44032
2021,09,07,00,04,220,5.0,6.0,0.8,5,MM,MM,1005.7,16.8,16.0,MM,1.6,MM,MM,44032
2021,09,06,23,04,230,4.0,5.0,0.7,5,MM,MM,1005.0,16.8,16.1,MM,1.6,MM,MM,44032
2021,09,06,22,04,260,5.0,7.0,0.6,5,MM,MM,1004.6,17.3,16.1,MM,1.6,MM,MM,44032
2021,09,06,21,04,190,5.0,5.0,0.7,5,MM,MM,1003.9,16.8,16.5,MM,1.6,MM,MM,44032
2021,09,06,20,04,210,6.0,7.0,0.6,5,MM,MM,1004.1,16.6,16.5,MM,0.3,MM,MM,44032
2021,09,06,19,04,180,4.0,5.0,0.6,5,MM,MM,1004.4,16.9,16.7,MM,1.0,MM,MM,44032
2021,09,06,18,04,200,3.0,4.0,0.7,5,MM,MM,1005.4,16.9,16.6,MM,1.0,MM,MM,44032
2021,09,06,17,04,190,3.0,4.0,0.7,5,MM,MM,1006.0,16.8,15.9,MM,1.5,MM,MM,44032
2021,09,06,16,04,220,1.0,2.0,0.7,5,MM,MM,1006.2,17.0,16.2,MM,0.3,MM,MM,44032
2021,09,06,15,04,230,1.0,2.0,0.7,5,MM,MM,1006.7,16.3,15.8,MM,0.2,MM,MM,44032
2021,09,06,14,04,270,2.0,2.0,0.8,5,MM,MM,1006.7,16.3,15.6,MM,1.6,MM,MM,44032
2021,09,06,13,04,290,2.0,3.0,0.7,5,MM,MM,1006.7,16.1,15.5,MM,1.6,MM,MM,44032
2021,09,06,12,04,220,2.0,3.0,0.8,5,MM,MM,1007.1,16.0,15.5,MM,1.5,MM,MM,44032
2021,09,06,11,04,230,2.0,2.0,0.7,5,MM,MM,1007.0,15.8,15.5,MM,0.3,MM,MM,44032
2021,09,06,10,04,190,3.0,3.0,0.7,5,MM,MM,1006.7,15.9,15.5,MM,1.0,MM,MM,44032
2021,09,06,09,04,190,3.0,4.0,0.7,5,MM,MM,1007.0,16.2,15.5,MM,1.6,MM,MM,44032
2021,09,06,08,04,180,5.0,7.0,0.8,5,MM,MM,1007.1,16.4,15.5,MM,1.6,MM,MM,44032
2021,09,06,07,04,170,7.0,8.0,0.9,5,MM,MM,1007.7,16.3,15.5,MM,1.6,MM,MM,44032
2021,09,06,06,04,170,7.0,9.0,0.9,5,MM,MM,1008.2,16.4,15.5,MM,1.6,MM,MM,44032
2021,09,06,05,04,170,7.0,8.0,0.8,5,MM,MM,1008.7,16.1,15.5,MM,1.6,MM,MM,44032
2021,09,06,04,04,190,6.0,6.0,0.7,5,MM,MM,1009.3,16.4,15.5,MM,1.6,MM,MM,44032
2021,09,06,03,04,170,6.0,8.0,0.7,5,MM,MM,1009.5,16.5,15.5,MM,1.6,MM,MM,44032
2021,09,06,02,04,180,7.0,8.0,0.7,4,MM,MM,1010.0,16.4,15.5,MM,1.6,MM,MM,44032
2021,09,06,01,04,170,6.0,7.0,0.7,4,MM,MM,1010.3,16.5,15.5,MM,1.6,MM,MM,44032
2021,09,06,00,04,180,7.0,8.0,0.7,4,MM,MM,1010.1,16.7,15.5,MM,1.6,MM,MM,44032
2021,09,05,23,04,180,6.0,7.0,0.6,3,MM,MM,1010.3,16.5,15.5,MM,1.6,MM,MM,44032
2021,09,05,22,04,180,6.0,7.0,0.5,4,MM,MM,1010.8,16.6,15.6,MM,1.6,MM,MM,44032
2021,09,05,21,04,190,5.0,6.0,0.4,3,MM,MM,1010.8,16.7,15.6,MM,1.6,MM,MM,44032
2021,09,05,20,04,170,4.0,5.0,0.4,3,MM,MM,1010.6,16.3,15.7,MM,1.6,MM,MM,44032
2021,09,05,19,04,190,5.0,6.0,0.6,11,MM,MM,1011.2,16.6,15.7,MM,1.6,MM,MM,44032
2021,09,05,18,04,190,4.0,5.0,MM,MM,MM,MM,1011.4,16.5,15.8,MM,1.6,MM,MM,44032
2021,09,05,17,04,170,4.0,4.0,0.5,11,MM,MM,1011.7,16.2,15.6,MM,1.6,MM,MM,44032
2021,09,05,16,04,160,4.0,4.0,0.4,6,MM,MM,1012.0,16.1,15.6,MM,1.6,MM,MM,44032
2021,09,05,15,04,130,5.0,6.0,0.3,3,MM,MM,1012.1,16.2,15.5,MM,1.6,MM,MM,44032
2021,09,05,14,04,130,5.0,5.0,0.4,6,MM,MM,1012.5,15.8,15.5,MM,1.6,MM,MM,44032
2021,09,05,13,04,120,5.0,6.0,0.3,2,MM,MM,1012.6,15.9,15.5,MM,1.6,MM,MM,44032
2021,09,05,12,04,110,5.0,6.0,0.5,11,MM,MM,1012.8,15.8,15.6,MM,1.6,MM,MM,44032
2021,09,05,11,04,110,4.0,5.0,MM,MM,MM,MM,1012.8,15.7,MM,MM,1.6,MM,MM,44032
2021,09,05,10,04,100,5.0,6.0,0.4,8,MM,MM,1012.5,15.5,15.7,MM,1.6,MM,MM,44032
2021,09,05,09,04,90,4.0,5.0,0.5,11,MM,MM,1012.6,15.5,15.8,MM,1.6,MM,MM,44032
2021,09,05,08,04,70,5.0,5.0,0.4,11,MM,MM,1012.7,15.4,15.8,MM,1.6,MM,MM,44032
2021,09,05,07,04,50,4.0,5.0,0.5,11,MM,MM,1013.2,15.5,15.9,MM,1.6,MM,MM,44032
2021,09,05,06,04,60,5.0,6.0,0.4,11,MM,MM,1012.8,15.8,15.8,MM,1.6,MM,MM,44032
2021,09,05,05,04,40,5.0,5.0,0.3,11,MM,MM,1013.0,16.2,15.9,MM,1.6,MM,MM,44032
2021,09,05,04,04,360,2.0,3.0,0.3,11,MM,MM,1012.8,16.2,15.9,MM,1.6,MM,MM,44032
2021,09,05,03,04,330,2.0,3.0,0.4,11,MM,MM,1013.2,16.9,15.7,MM,1.6,MM,MM,44032
2021,09,05,02,04,300,2.0,3.0,0.4,11,MM,MM,1013.3,17.3,15.7,MM,1.6,MM,MM,44032
2021,09,05,01,04,260,4.0,4.0,0.5,11,MM,MM,1012.7,16.8,15.9,MM,1.6,MM,MM,44032
2021,09,05,00,04,250,5.0,6.0,0.3,3,MM,MM,1012.3,18.2,15.9,MM,1.6,MM,MM,44032
2021,09,04,23,04,280,3.0,4.0,0.5,8,MM,MM,1011.5,19.0,16.3,MM,1.6,MM,MM,44032
2021,09,04,22,04,250,4.0,5.0,0.6,8,MM,MM,1011.5,18.1,16.8,MM,1.6,MM,MM,44032
2021,09,04,21,04,230,3.0,5.0,0.6,8,MM,MM,1011.2,19.0,16.9,MM,1.6,MM,MM,44032
2021,09,04,20,04,270,2.0,3.0,0.4,4,MM,MM,1011.1,18.9,17.0,MM,1.6,MM,MM,44032
2021,09,04,19,04,300,3.0,4.0,0.7,11,MM,MM,1010.9,19.1,16.8,MM,1.6,MM,MM,44032
2021,09,04,18,04,310,4.0,5.0,0.7,11,MM,MM,1011.2,18.5,16.7,MM,1.6,MM,MM,44032
2021,09,04,17,04,160,2.0,2.0,0.7,11,MM,MM,1012.0,17.4,16.1,MM,1.6,MM,MM,44032
2021,09,04,16,04,30,1.0,2.0,0.6,8,MM,MM,1012.2,17.0,15.9,MM,1.6,MM,MM,44032
2021,09,04,15,04,350,4.0,5.0,0.4,4,MM,MM,1012.6,16.8,15.6,MM,1.6,MM,MM,44032
2021,09,04,14,04,320,4.0,5.0,0.5,4,MM,MM,1012.7,16.5,15.4,MM,1.6,MM,MM,44032
2021,09,04,13,04,310,5.0,8.0,0.5,4,MM,MM,1012.3,16.8,15.4,MM,1.6,MM,MM,44032
2021,09,04,12,04,290,6.0,7.0,0.7,8,MM,MM,1012.2,16.1,15.3,MM,1.6,MM,MM,44032
2021,09,04,11,04,290,6.0,7.0,MM,MM,MM,MM,1012.0,16.4,15.4,MM,1.6,MM,MM,44032
2021,09,04,10,04,290,4.0,5.0,0.6,11,MM,MM,1011.7,15.5,15.4,MM,1.6,MM,MM,44032
2021,09,04,09,04,300,3.0,3.0,0.6,8,MM,MM,1011.7,15.6,15.5,MM,1.6,MM,MM,44032
2021,09,04,08,04,280,3.0,3.0,0.6,11,MM,MM,1011.7,15.6,15.6,MM,1.6,MM,MM,44032
2021,09,04,07,04,290,1.0,2.0,0.5,11,MM,MM,1011.9,15.5,15.6,MM,1.6,MM,MM,44032
2021,09,04,06,04,230,2.0,2.0,0.6,8,MM,MM,1012.0,15.6,15.4,MM,1.6,MM,MM,44032
2021,09,04,05,04,330,1.0,2.0,0.7,8,MM,MM,1012.3,16.4,15.4,MM,1.6,MM,MM,44032
2021,09,04,04,04,280,2.0,3.0,0.7,11,MM,MM,1012.2,16.5,15.5,MM,1.6,MM,MM,44032
2021,09,04,03,04,260,2.0,2.0,0.8,11,MM,MM,1012.2,16.0,15.5,MM,1.6,MM,MM,44032
2021,09,04,02,04,310,3.0,5.0,0.8,8,MM,MM,1012.8,15.8,15.7,MM,1.6,MM,MM,44032
2021,09,04,01,04,320,4.0,5.0,0.9,8,MM,MM,1012.8,16.8,15.7,MM,1.6,MM,MM,44032
2021,09,04,00,04,310,6.0,8.0,0.8,8,MM,MM,1012.5,17.7,15.9,MM,1.6,MM,MM,44032
2021,09,03,23,04,260,3.0,3.0,0.9,8,MM,MM,1011.6,16.8,16.1,MM,1.6,MM,MM,44032
2021,09,03,22,04,10,1.0,1.0,0.9,8,MM,MM,1011.6,17.9,16.2,MM,1.6,MM,MM,44032
2021,09,03,21,04,250,3.0,3.0,0.8,8,MM,MM,1011.5,17.8,16.3,MM,1.6,MM,MM,44032
2021,09,03,20,04,200,2.0,3.0,0.7,8,MM,MM,1011.6,17.6,16.4,MM,1.6,MM,MM,44032
2021,09,03,19,04,290,1.0,2.0,0.8,11,MM,MM,1012.0,17.8,15.9,MM,1.6,MM,MM,44032
2021,09,03,18,04,230,2.0,3.0,0.8,11,MM,MM,1012.5,16.9,15.9,MM,1.6,MM,MM,44032
2021,09,03,17,04,360,2.0,3.0,MM,MM,MM,MM,1012.8,16.3,15.5,MM,1.6,MM,MM,44032
2021,09,03,16,04,320,3.0,5.0,MM,MM,MM,MM,1013.0,16.1,15.4,MM,1.6,MM,MM,44032
2021,09,03,15,04,330,4.0,6.0,1.0,11,MM,MM,1013.2,16.0,15.3,MM,1.6,MM,MM,44032
2021,09,03,14,04,320,6.0,7.0,1.0,11,MM,MM,1012.8,15.8,15.2,MM,1.6,MM,MM,44032
2021,09,03,13,04,310,5.0,7.0,MM,MM,MM,MM,1012.6,15.5,15.2,MM,1.6,MM,MM,44032
2021,09,03,12,04,300,5.0,7.0,MM,MM,MM,MM,1012.2,15.0,15.2,MM,1.6,MM,MM,44032
2021,09,03,11,04,310,5.0,6.0,MM,MM,MM,MM,1012.1,15.1,15.2,MM,1.6,MM,MM,44032
2021,09,03,10,04,320,6.0,7.0,1.2,11,MM,MM,1011.7,15.0,15.2,MM,1.6,MM,MM,44032
2021,09,03,09,04,320,5.0,7.0,1.3,11,MM,MM,1011.6,15.1,15.2,MM,1.6,MM,MM,44032
2021,09,03,08,04,300,6.0,7.0,1.3,8,MM,MM,1011.4,15.3,15.2,MM,1.6,MM,MM,44032
2021,09,03,07,04,300,6.0,8.0,1.3,11,MM,MM,1011.2,15.5,15.3,MM,1.6,MM,MM,44032
2021,09,03,06,04,300,6.0,7.0,1.4,11,MM,MM,1011.0,15.7,15.3,MM,1.6,MM,MM,44032
2021,09,03,05,04,300,5.0,6.0,1.2,11,MM,MM,1010.9,16.0,15.3,MM,1.6,MM,MM,44032
2021,09,03,04,04,310,6.0,7.0,MM,MM,MM,MM,1010.6,16.3,15.3,MM,1.6,MM,MM,44032
2021,09,03,03,04,310,6.0,7.0,MM,MM,MM,MM,1010.3,16.3,15.4,MM,1.6,MM,MM,44032
2021,09,03,02,04,310,7.0,8.0,1.1,11,MM,MM,1009.8,16.4,15.4,MM,1.6,MM,MM,44032
2021,09,03,01,04,310,7.0,9.0,0.7,8,MM,MM,1009.4,17.2,15.4,MM,1.6,MM,MM,44032
2021,09,03,00,04,300,4.0,5.0,0.8,8,MM,MM,1009.0,16.7,15.5,MM,1.6,MM,MM,44032
2021,09,02,23,04,320,6.0,6.0,0.9,8,MM,MM,1007.9,17.2,15.5,MM,1.6,MM,MM,44032
2021,09,02,22,04,320,5.0,5.0,1.2,8,MM,MM,1007.4,17.3,15.5,MM,1.6,MM,MM,44032
2021,09,02,21,04,330,6.0,8.0,1.5,8,MM,MM,1006.7,17.2,15.6,MM,1.6,MM,MM,44032
2021,09,02,20,04,350,8.0,10.0,1.6,8,MM,MM,1006.2,17.4,15.7,MM,1.6,MM,MM,44032
2021,09,02,19,04,350,8.0,9.0,1.8,8,MM,MM,1005.5,16.7,15.7,MM,1.6,MM,MM,44032
2021,09,02,18,04,350,11.0,13.0,1.7,8,MM,MM,1004.8,16.2,15.8,MM,1.6,MM,MM,44032
2021,09,02,17,04,360,11.0,13.0,1.9,6,MM,MM,1004.0,15.8,15.9,MM,1.6,MM,MM,44032
2021,09,02,16,04,360,9.0,11.0,1.8,6,MM,MM,1004.0,15.4,15.8,MM,1.6,MM,MM,44032
2021,09,02,15,04,360,11.0,14.0,1.7,5,MM,MM,1003.3,15.4,15.9,MM,1.6,MM,MM,44032
2021,09,02,14,04,20,12.0,15.0,1.5,5,MM,MM,1002.9,15.3,16.2,MM,1.6,MM,MM,44032
2021,09,02,13,04,20,13.0,14.0,1.5,5,MM,MM,1003.0,15.3,16.4,MM,1.6,MM,MM,44032
2021,09,02,12,04,30,12.0,14.0,1.4,5,MM,MM,1003.8,15.2,16.4,MM,1.5,MM,MM,44032
2021,09,02,11,04,30,13.0,15.0,1.1,4,MM,MM,MM,15.5,16.4,MM,1.3,MM,MM,44032
2021,09,02,10,04,40,9.0,11.0,0.8,3,MM,MM,1006.2,15.4,16.6,MM,1.6,MM,MM,44032
2021,09,02,09,04,40,9.0,11.0,0.8,3,MM,MM,1006.1,15.1,16.4,MM,1.5,MM,MM,44032
2021,09,02,08,04,60,7.0,8.0,0.8,8,MM,MM,1007.6,14.4,16.3,MM,1.6,MM,MM,44032
2021,09,02,07,04,50,8.0,10.0,MM,MM,MM,MM,1007.2,15.0,16.3,MM,1.6,MM,MM,44032
2021,09,02,06,04,60,6.0,8.0,0.6,8,MM,MM,1009.2,15.9,17.0,MM,1.6,MM,MM,44032
2021,09,02,05,04,80,2.0,2.0,0.6,8,MM,MM,1010.4,16.3,17.0,MM,1.6,MM,MM,44032
2021,09,02,04,04,160,2.0,3.0,0.6,6,MM,MM,1011.1,16.8,16.9,MM,1.6,MM,MM,44032
2021,09,02,03,04,300,1.0,2.0,0.7,6,MM,MM,1011.4,16.9,16.9,MM,1.6,MM,MM,44032
2021,09,02,02,04,240,2.0,2.0,0.7,6,MM,MM,1011.9,17.3,16.7,MM,1.6,MM,MM,44032
2021,09,02,01,04,250,4.0,5.0,0.7,6,MM,MM,1012.3,17.8,16.8,MM,1.6,MM,MM,44032
2021,09,02,00,04,240,4.0,5.0,0.7,6,MM,MM,1012.0,17.8,16.9,MM,1.6,MM,MM,44032
2021,09,01,23,04,220,3.0,4.0,0.7,6,MM,MM,1010.3,17.6,16.6,MM,1.6,MM,MM,44032
2021,09,01,22,04,220,2.0,3.0,0.7,8,MM,MM,1009.9,17.5,16.5,MM,1.6,MM,MM,44032
2021,09,01,21,04,230,4.0,5.0,0.7,6,MM,MM,1010.1,17.9,16.7,MM,1.6,MM,MM,44032
2021,09,01,20,04,230,5.0,6.0,0.7,8,MM,MM,1009.9,18.0,16.6,MM,1.6,MM,MM,44032
2021,09,01,19,04,220,5.0,6.0,0.7,8,MM,MM,1009.9,17.7,16.6,MM,1.6,MM,MM,44032
2021,09,01,18,04,240,5.0,5.0,0.8,8,MM,MM,1010.1,18.0,16.7,MM,1.6,MM,MM,44032
2021,09,01,17,04,230,4.0,5.0,0.7,8,MM,MM,1010.1,17.5,16.8,MM,1.6,MM,MM,44032
2021,09,01,16,04,240,3.0,3.0,0.7,8,MM,MM,1010.0,17.7,16.8,MM,1.6,MM,MM,44032
2021,09,01,15,04,220,4.0,5.0,0.8,8,MM,MM,1010.4,17.7,16.6,MM,1.6,MM,MM,44032
2021,09,01,14,04,260,2.0,2.0,0.8,8,MM,MM,1009.8,17.8,16.6,MM,1.6,MM,MM,44032
2021,09,01,13,04,270,3.0,3.0,0.8,8,MM,MM,1009.4,17.5,16.4,MM,1.6,MM,MM,44032
2021,09,01,12,04,240,1.0,2.0,0.9,6,MM,MM,1009.2,17.5,16.3,MM,1.6,MM,MM,44032
2021,09,01,11,04,250,2.0,3.0,0.9,6,MM,MM,1008.7,17.3,16.3,MM,1.6,MM,MM,44032
2021,09,01,10,04,170,1.0,2.0,0.8,6,MM,MM,1007.9,16.4,16.3,MM,1.6,MM,MM,44032
2021,09,01,09,04,300,3.0,4.0,0.8,6,MM,MM,1007.6,17.7,16.5,MM,1.6,MM,MM,44032
2021,09,01,08,04,260,3.0,4.0,0.8,6,MM,MM,1007.1,17.8,16.6,MM,1.6,MM,MM,44032
2021,09,01,07,04,270,3.0,3.0,0.7,6,MM,MM,1006.7,18.0,17.1,MM,1.6,MM,MM,44032
2021,09,01,06,04,270,3.0,3.0,0.6,6,MM,MM,1006.6,18.1,17.2,MM,1.6,MM,MM,44032
2021,09,01,05,04,270,3.0,4.0,0.6,6,MM,MM,1006.3,18.4,17.1,MM,1.6,MM,MM,44032
2021,09,01,04,04,270,4.0,4.0,0.7,8,MM,MM,1006.2,18.1,17.0,MM,1.6,MM,MM,44032
2021,09,01,03,04,260,2.0,3.0,0.6,6,MM,MM,1005.9,18.0,16.9,MM,1.6,MM,MM,44032
2021,09,01,02,04,260,3.0,3.0,0.7,6,MM,MM,1005.5,17.8,16.5,MM,1.6,MM,MM,44032
2021,09,01,01,04,270,4.0,4.0,0.7,6,MM,MM,1005.0,18.1,16.6,MM,1.6,MM,MM,44032
2021,09,01,00,04,230,4.0,4.0,0.8,6,MM,MM,1004.4,18.0,16.5,MM,1.6,MM,MM,44032
2021,08,31,22,04,230,6.0,7.0,0.7,6,MM,MM,1003.8,19.2,16.5,MM,1.6,MM,MM,44032
2021,08,31,21,04,230,5.0,6.0,0.8,6,MM,MM,1003.9,18.6,16.6,MM,1.6,MM,MM,44032
2021,08,31,20,04,220,3.0,4.0,0.7,6,MM,MM,1004.3,18.3,16.5,MM,1.6,MM,MM,44032
2021,08,31,19,04,230,3.0,4.0,0.7,6,MM,MM,1004.5,17.8,16.5,MM,1.6,MM,MM,44032
2021,08,31,18,04,210,3.0,4.0,0.6,6,MM,MM,1004.9,17.1,16.2,MM,1.6,MM,MM,44032
2021,08,31,17,04,230,4.0,5.0,0.6,5,MM,MM,1005.0,17.3,16.3,MM,1.6,MM,MM,44032
2021,08,31,16,04,250,3.0,4.0,0.6,5,MM,MM,1005.5,17.3,16.3,MM,1.6,MM,MM,44032
2021,08,31,15,04,220,3.0,4.0,0.5,5,MM,MM,1005.6,17.1,16.2,MM,1.6,MM,MM,44032
2021,08,31,14,04,240,3.0,4.0,0.5,5,MM,MM,1006.0,17.3,16.1,MM,1.6,MM,MM,44032
2021,08,31,13,04,230,3.0,3.0,0.6,5,MM,MM,1006.0,16.9,16.0,MM,1.6,MM,MM,44032
2021,08,31,12,04,230,2.0,2.0,0.7,5,MM,MM,1006.0,17.1,16.0,MM,1.6,MM,MM,44032
2021,08,31,11,04,200,2.0,3.0,0.7,5,MM,MM,1005.9,16.9,15.9,MM,1.6,MM,MM,44032
2021,08,31,10,04,240,3.0,3.0,0.7,5,MM,MM,1005.7,16.3,16.0,MM,0.9,MM,MM,44032
2021,08,31,09,04,220,2.0,3.0,0.7,5,MM,MM,1005.5,16.5,16.0,MM,1.6,MM,MM,44032
2021,08,31,08,04,220,2.0,3.0,0.8,5,MM,MM,1005.7,16.8,16.1,MM,1.6,MM,MM,44032
2021,08,31,07,04,220,2.0,2.0,0.7,5,MM,MM,1005.7,17.0,16.1,MM,1.6,MM,MM,44032
2021,08,31,06,04,270,1.0,2.0,0.7,5,MM,MM,1005.7,17.4,16.1,MM,1.6,MM,MM,44032
2021,08,31,05,04,240,2.0,2.0,0.8,5,MM,MM,1005.9,17.9,16.1,MM,1.6,MM,MM,44032
2021,08,31,04,04,260,3.0,4.0,0.7,5,MM,MM,1005.7,17.8,16.2,MM,1.6,MM,MM,44032
2021,08,31,03,04,240,3.0,4.0,0.7,5,MM,MM,1006.0,17.7,16.2,MM,1.6,MM,MM,44032
2021,08,31,02,04,250,5.0,7.0,0.7,5,MM,MM,1006.0,18.0,16.2,MM,1.6,MM,MM,44032
2021,08,31,01,04,230,5.0,6.0,0.7,5,MM,MM,1006.0,18.9,16.2,MM,1.6,MM,MM,44032
2021,08,31,00,04,220,5.0,6.0,0.8,5,MM,MM,1005.6,18.6,16.2,MM,1.6,MM,MM,44032
2021,08,30,23,04,210,5.0,6.0,0.8,5,MM,MM,1005.2,18.3,16.3,MM,1.6,MM,MM,44032
2021,08,30,22,04,200,6.0,7.0,0.9,5,MM,MM,1005.2,18.4,16.4,MM,1.6,MM,MM,44032
2021,08,30,21,04,210,6.0,7.0,0.9,5,MM,MM,1005.7,18.6,16.4,MM,1.6,MM,MM,44032
2021,08,30,20,04,210,6.0,7.0,1.0,5,MM,MM,1006.2,18.4,16.4,MM,1.6,MM,MM,44032
2021,08,30,19,04,210,7.0,8.0,1.0,5,MM,MM,1007.0,18.5,16.4,MM,1.6,MM,MM,44032
2021,08,30,18,04,210,7.0,8.0,1.0,5,MM,MM,1007.9,18.4,16.4,MM,1.6,MM,MM,44032
2021,08,30,17,04,220,8.0,9.0,1.0,5,MM,MM,1008.9,18.4,16.3,MM,1.6,MM,MM,44032
2021,08,30,16,04,220,6.0,8.0,1.0,5,MM,MM,1009.9,18.3,16.3,MM,1.6,MM,MM,44032
2021,08,30,15,04,220,7.0,8.0,0.8,5,MM,MM,1010.5,18.0,16.2,MM,1.6,MM,MM,44032
2021,08,30,14,04,210,6.0,8.0,0.8,5,MM,MM,1011.1,18.0,16.2,MM,1.6,MM,MM,44032
2021,08,30,13,04,220,7.0,8.0,0.8,4,MM,MM,1011.2,17.8,16.1,MM,1.6,MM,MM,44032
2021,08,30,12,04,220,6.0,8.0,0.7,4,MM,MM,1012.0,17.7,16.1,MM,1.6,MM,MM,44032
2021,08,30,11,04,210,5.0,7.0,0.6,4,MM,MM,1012.5,17.4,16.0,MM,1.6,MM,MM,44032
2021,08,30,10,04,210,4.0,5.0,0.5,4,MM,MM,1013.1,17.1,15.9,MM,1.6,MM,MM,44032
2021,08,30,09,04,210,4.0,5.0,0.6,8,MM,MM,1013.4,16.9,15.9,MM,1.6,MM,MM,44032
2021,08,30,08,04,190,3.0,3.0,0.4,4,MM,MM,1014.3,16.7,15.9,MM,1.6,MM,MM,44032
2021,08,30,07,04,170,4.0,5.0,0.6,8,MM,MM,1014.9,16.6,15.9,MM,1.6,MM,MM,44032
2021,08,30,06,04,160,4.0,4.0,0.6,8,MM,MM,1015.9,16.3,16.0,MM,1.6,MM,MM,44032
2021,08,30,05,04,160,4.0,4.0,0.6,8,MM,MM,1016.9,16.3,16.0,MM,1.6,MM,MM,44032
2021,08,30,04,04,170,3.0,4.0,0.5,8,MM,MM,1017.5,16.4,16.0,MM,1.6,MM,MM,44032
2021,08,30,03,04,200,4.0,4.0,0.5,8,MM,MM,1018.5,16.6,16.0,MM,1.6,MM,MM,44032
2021,08,30,02,04,180,3.0,4.0,0.5,8,MM,MM,1019.1,16.6,16.0,MM,1.6,MM,MM,44032
2021,08,30,01,04,150,3.0,3.0,0.5,8,MM,MM,1019.2,16.3,15.9,MM,1.6,MM,MM,44032
2021,08,30,00,04,160,3.0,4.0,0.5,8,MM,MM,1019.6,16.3,15.8,MM,1.6,MM,MM,44032
2021,08,29,23,04,140,4.0,4.0,0.5,11,MM,MM,1019.8,16.1,15.8,MM,1.6,MM,MM,44032
2021,08,29,22,04,150,4.0,5.0,0.6,11,MM,MM,1020.4,16.3,15.7,MM,1.6,MM,MM,44032
2021,08,29,21,04,140,5.0,5.0,0.5,11,MM,MM,1020.7,16.3,15.8,MM,1.6,MM,MM,44032
2021,08,29,20,04,140,3.0,4.0,0.6,11,MM,MM,1021.6,16.3,15.9,MM,1.6,MM,MM,44032
2021,08,29,19,04,140,4.0,4.0,0.5,8,MM,MM,1022.3,16.2,15.9,MM,1.6,MM,MM,44032
2021,08,29,18,04,150,4.0,5.0,0.6,11,MM,MM,1023.1,16.1,15.8,MM,1.6,MM,MM,44032
2021,08,29,17,04,160,3.0,4.0,0.4,4,MM,MM,1024.1,16.0,15.6,MM,1.6,MM,MM,44032
2021,08,29,16,04,150,3.0,4.0,0.5,8,MM,MM,1024.5,15.9,15.7,MM,1.6,MM,MM,44032
2021,08,29,15,04,140,4.0,4.0,0.6,11,MM,MM,1025.0,16.0,15.7,MM,1.6,MM,MM,44032
2021,08,29,14,04,140,4.0,5.0,0.7,11,MM,MM,1025.1,15.7,15.7,MM,1.6,MM,MM,44032
2021,08,29,13,04,110,3.0,4.0,0.7,11,MM,MM,1025.7,15.3,15.7,MM,1.6,MM,MM,44032
2021,08,29,12,04,110,4.0,5.0,MM,MM,MM,MM,1025.7,15.2,15.7,MM,1.6,MM,MM,44032
2021,08,29,11,04,120,5.0,6.0,0.6,3,MM,MM,1025.5,15.0,15.7,MM,1.6,MM,MM,44032
2021,08,29,10,04,100,6.0,7.0,0.4,3,MM,MM,1025.7,14.7,15.7,MM,1.6,MM,MM,44032
2021,08,29,09,04,90,6.0,7.0,0.5,3,MM,MM,1025.7,15.0,15.7,MM,1.6,MM,MM,44032
2021,08,29,08,04,80,6.0,7.0,0.5,6,MM,MM,1026.2,14.9,15.7,MM,1.6,MM,MM,44032
2021,08,29,07,04,70,3.0,4.0,0.5,11,MM,MM,1026.7,15.8,15.8,MM,1.6,MM,MM,44032
2021,08,29,06,04,80,2.0,3.0,0.5,11,MM,MM,1026.8,15.8,15.8,MM,1.6,MM,MM,44032
2021,08,29,05,04,50,2.0,2.0,0.5,11,MM,MM,1027.3,16.1,16.0,MM,1.6,MM,MM,44032
2021,08,29,04,04,320,1.0,1.0,0.5,11,MM,MM,1027.6,15.9,16.1,MM,1.6,MM,MM,44032
2021,08,29,03,04,MM,0.0,1.0,0.6,11,MM,MM,1027.7,16.0,16.2,MM,1.6,MM,MM,44032
2021,08,29,02,04,220,2.0,2.0,0.5,11,MM,MM,1027.7,15.9,16.3,MM,1.6,MM,MM,44032
2021,08,29,01,04,310,1.0,1.0,0.5,11,MM,MM,1027.5,15.9,15.9,MM,1.6,MM,MM,44032
2021,08,29,00,04,200,1.0,2.0,0.5,11,MM,MM,1027.3,15.8,15.9,MM,1.6,MM,MM,44032
2021,08,28,23,04,140,1.0,1.0,0.5,11,MM,MM,1027.3,15.8,16.0,MM,1.6,MM,MM,44032
2021,08,28,22,04,220,1.0,1.0,0.5,11,MM,MM,1027.3,16.0,16.0,MM,1.6,MM,MM,44032
2021,08,28,21,04,MM,0.0,1.0,0.5,11,MM,MM,1027.8,16.4,16.1,MM,1.6,MM,MM,44032
2021,08,28,20,04,MM,0.0,1.0,0.4,4,MM,MM,1027.8,16.6,16.3,MM,1.6,MM,MM,44032
2021,08,28,19,04,60,1.0,1.0,0.5,8,MM,MM,1028.6,16.5,16.4,MM,1.6,MM,MM,44032
2021,08,28,18,04,40,1.0,2.0,0.5,8,MM,MM,1028.7,16.8,16.4,MM,1.6,MM,MM,44032
2021,08,28,17,04,70,3.0,3.0,0.4,5,MM,MM,1029.2,16.5,16.3,MM,1.6,MM,MM,44032
2021,08,28,16,04,60,3.0,4.0,0.5,5,MM,MM,1029.2,16.3,16.1,MM,1.6,MM,MM,44032
2021,08,28,15,04,50,4.0,5.0,0.5,5,MM,MM,1029.2,16.4,15.7,MM,1.6,MM,MM,44032
2021,08,28,14,04,30,4.0,4.0,0.5,5,MM,MM,1029.1,16.4,15.7,MM,1.6,MM,MM,44032
2021,08,28,13,04,20,4.0,5.0,0.5,5,MM,MM,1029.1,16.0,15.8,MM,1.6,MM,MM,44032
2021,08,28,12,04,10,4.0,5.0,0.4,5,MM,MM,1028.6,15.7,15.9,MM,1.6,MM,MM,44032
2021,08,28,11,04,20,4.0,5.0,0.4,3,MM,MM,1028.1,15.9,16.1,MM,1.6,MM,MM,44032
2021,08,28,10,04,20,6.0,7.0,0.4,3,MM,MM,1027.6,16.1,16.1,MM,1.6,MM,MM,44032
2021,08,28,09,04,10,4.0,5.0,0.4,3,MM,MM,1027.3,16.3,16.3,MM,1.6,MM,MM,44032
2021,08,28,08,04,40,6.0,7.0,0.4,3,MM,MM,1026.6,16.9,16.6,MM,1.6,MM,MM,44032
2021,08,28,07,04,40,6.0,8.0,0.5,3,MM,MM,1026.2,17.2,16.9,MM,1.6,MM,MM,44032
2021,08,28,06,04,40,6.0,8.0,0.5,3,MM,MM,1025.9,17.5,16.9,MM,1.6,MM,MM,44032
2021,08,28,05,04,30,6.0,7.0,0.3,3,MM,MM,1025.7,18.0,17.4,MM,1.6,MM,MM,44032
2021,08,28,04,04,30,6.0,6.0,0.3,2,MM,MM,1025.0,18.4,17.6,MM,1.6,MM,MM,44032
2021,08,28,03,04,20,6.0,7.0,0.3,2,MM,MM,1024.1,19.2,18.3,MM,1.6,MM,MM,44032
2021,08,28,02,04,40,4.0,4.0,0.3,2,MM,MM,1023.5,18.7,18.7,MM,1.6,MM,MM,44032
2021,08,28,01,04,30,7.0,8.0,0.5,11,MM,MM,1022.8,20.1,19.1,MM,1.6,MM,MM,44032
2021,08,28,00,04,50,2.0,3.0,0.5,11,MM,MM,1021.3,20.5,20.0,MM,1.6,MM,MM,44032
2021,08,27,23,04,40,2.0,3.0,0.4,11,MM,MM,1020.1,21.3,20.5,MM,1.6,MM,MM,44032
2021,08,27,22,04,250,1.0,2.0,0.4,11,MM,MM,1019.0,21.5,20.6,MM,1.6,MM,MM,44032
2021,08,27,21,04,200,2.0,3.0,0.4,11,MM,MM,1018.6,21.2,20.3,MM,1.6,MM,MM,44032
2021,08,27,20,04,170,1.0,2.0,0.4,11,MM,MM,1018.4,21.0,20.4,MM,1.6,MM,MM,44032
2021,08,27,19,04,190,2.0,3.0,0.4,11,MM,MM,1018.4,21.7,20.3,MM,1.6,MM,MM,44032
2021,08,27,18,04,210,2.0,2.0,0.4,11,MM,MM,1018.5,22.9,19.4,MM,1.6,MM,MM,44032
2021,08,27,17,04,260,2.0,2.0,0.6,11,MM,MM,1018.4,22.0,18.5,MM,1.6,MM,MM,44032
2021,08,27,16,04,250,2.0,3.0,0.3,4,MM,MM,1018.1,21.1,17.9,MM,1.6,MM,MM,44032
2021,08,27,15,04,290,2.0,3.0,0.4,4,MM,MM,1018.4,20.8,17.7,MM,1.6,MM,MM,44032
2021,08,27,14,04,300,2.0,3.0,0.5,11,MM,MM,1017.9,21.0,17.4,MM,1.6,MM,MM,44032
2021,08,27,13,04,310,4.0,6.0,0.5,8,MM,MM,1017.7,22.1,17.2,MM,1.6,MM,MM,44032
2021,08,27,12,04,310,2.0,3.0,0.5,11,MM,MM,1017.1,19.8,17.0,MM,1.6,MM,MM,44032
2021,08,27,11,04,310,1.0,2.0,0.5,11,MM,MM,1017.0,19.7,16.9,MM,1.6,MM,MM,44032
2021,08,27,10,04,10,2.0,3.0,0.5,11,MM,MM,1016.5,19.0,16.8,MM,1.6,MM,MM,44032
2021,08,27,09,04,320,2.0,3.0,0.5,11,MM,MM,1016.0,19.6,17.2,MM,1.6,MM,MM,44032
2021,08,27,08,04,240,1.0,2.0,0.4,4,MM,MM,1015.8,18.7,17.1,MM,1.6,MM,MM,44032
2021,08,27,07,04,260,3.0,4.0,0.4,6,MM,MM,1015.4,18.8,17.2,MM,1.6,MM,MM,44032
2021,08,27,06,04,270,3.0,4.0,0.5,6,MM,MM,1015.3,19.2,17.3,MM,1.6,MM,MM,44032
2021,08,27,05,04,240,3.0,3.0,0.5,4,MM,MM,1015.3,18.8,17.3,MM,1.6,MM,MM,44032
2021,08,27,04,04,260,3.0,4.0,0.5,6,MM,MM,1015.5,19.6,17.4,MM,1.6,MM,MM,44032
2021,08,27,03,04,310,1.0,2.0,0.4,6,MM,MM,1015.7,19.0,17.3,MM,1.6,MM,MM,44032
2021,08,27,02,04,270,2.0,2.0,0.4,3,MM,MM,1015.8,18.9,17.2,MM,1.6,MM,MM,44032
2021,08,27,01,04,240,2.0,4.0,0.3,3,MM,MM,1015.5,19.3,17.2,MM,1.6,MM,MM,44032
2021,08,27,00,04,210,5.0,6.0,0.4,5,MM,MM,1015.3,20.1,17.3,MM,1.6,MM,MM,44032
2021,08,26,23,04,200,4.0,5.0,0.5,8,MM,MM,1015.2,20.0,17.3,MM,1.6,MM,MM,44032
2021,08,26,22,04,200,4.0,5.0,0.4,5,MM,MM,1015.3,20.0,17.6,MM,1.6,MM,MM,44032
2021,08,26,21,04,210,5.0,6.0,0.5,6,MM,MM,1015.5,20.5,17.6,MM,1.6,MM,MM,44032
2021,08,26,20,04,190,4.0,5.0,0.5,6,MM,MM,1015.8,19.9,18.0,MM,1.6,MM,MM,44032
2021,08,26,19,04,190,3.0,3.0,0.5,6,MM,MM,1016.4,20.0,17.4,MM,1.6,MM,MM,44032
2021,08,26,18,04,210,3.0,3.0,0.6,6,MM,MM,1016.9,19.7,17.7,MM,1.6,MM,MM,44032
2021,08,26,17,04,210,2.0,3.0,0.6,6,MM,MM,1017.6,19.8,17.5,MM,1.6,MM,MM,44032
2021,08,26,16,04,220,3.0,3.0,0.5,8,MM,MM,1017.7,20.5,17.6,MM,1.6,MM,MM,44032
2021,08,26,15,04,210,2.0,2.0,0.5,8,MM,MM,1018.5,19.5,17.0,MM,1.6,MM,MM,44032
2021,08,26,14,04,210,2.0,2.0,0.5,8,MM,MM,1018.6,18.7,16.9,MM,1.6,MM,MM,44032
2021,08,26,13,04,250,2.0,2.0,0.5,8,MM,MM,1018.7,18.8,17.5,MM,1.6,MM,MM,44032
2021,08,26,12,04,200,1.0,2.0,0.5,8,MM,MM,1018.7,18.1,17.0,MM,1.6,MM,MM,44032
2021,08,26,11,04,200,2.0,3.0,0.5,8,MM,MM,1018.5,18.0,16.6,MM,1.6,MM,MM,44032
2021,08,26,10,04,210,1.0,2.0,0.5,6,MM,MM,1018.1,17.8,16.6,MM,1.6,MM,MM,44032
2021,08,26,09,04,190,2.0,2.0,0.5,6,MM,MM,1017.6,17.8,16.7,MM,1.6,MM,MM,44032
2021,08,26,08,04,180,2.0,2.0,0.5,6,MM,MM,1017.6,18.0,16.8,MM,1.6,MM,MM,44032
2021,08,26,07,04,170,3.0,3.0,0.7,6,MM,MM,1017.6,17.9,16.5,MM,1.6,MM,MM,44032
2021,08,26,06,04,180,2.0,3.0,0.6,6,MM,MM,1017.7,18.4,16.5,MM,1.6,MM,MM,44032
2021,08,26,05,04,210,2.0,2.0,0.6,6,MM,MM,1018.0,18.0,16.3,MM,1.6,MM,MM,44032
2021,08,26,04,04,210,1.0,2.0,0.7,6,MM,MM,1017.9,18.1,16.2,MM,1.6,MM,MM,44032
2021,08,26,03,04,210,2.0,2.0,0.6,6,MM,MM,1017.9,17.9,16.1,MM,1.6,MM,MM,44032
2021,08,26,02,04,260,2.0,3.0,0.6,6,MM,MM,1017.7,17.9,16.1,MM,1.6,MM,MM,44032
2021,08,26,01,04,220,3.0,3.0,0.7,8,MM,MM,1017.9,18.4,16.0,MM,1.6,MM,MM,44032
2021,08,26,00,04,210,3.0,3.0,0.6,8,MM,MM,1017.4,18.1,16.0,MM,1.6,MM,MM,44032
2021,08,25,23,04,210,2.0,3.0,0.7,8,MM,MM,1017.0,18.1,16.6,MM,1.6,MM,MM,44032
2021,08,25,22,04,200,5.0,5.0,0.8,8,MM,MM,1017.0,19.8,15.9,MM,1.4,MM,MM,44032
2021,08,25,21,04,210,3.0,4.0,0.8,8,MM,MM,1017.0,19.1,15.8,MM,1.6,MM,MM,44032
2021,08,25,20,04,230,4.0,5.0,0.8,8,MM,MM,1017.1,19.2,16.6,MM,1.6,MM,MM,44032
2021,08,25,19,04,220,3.0,4.0,0.7,8,MM,MM,1017.3,19.5,17.3,MM,1.6,MM,MM,44032
2021,08,25,18,04,230,3.0,4.0,0.8,8,MM,MM,1017.5,19.5,16.8,MM,1.6,MM,MM,44032
2021,08,25,17,04,220,3.0,3.0,0.9,8,MM,MM,1017.6,19.4,16.3,MM,1.6,MM,MM,44032
2021,08,25,16,04,260,2.0,3.0,0.9,8,MM,MM,1017.7,19.9,16.1,MM,1.6,MM,MM,44032
2021,08,25,15,04,250,2.0,2.0,0.9,8,MM,MM,1018.1,19.0,16.4,MM,1.6,MM,MM,44032
2021,08,25,14,04,250,3.0,3.0,1.0,8,MM,MM,1018.0,18.4,16.0,MM,1.6,MM,MM,44032
2021,08,25,13,04,270,2.0,3.0,0.8,8,MM,MM,1017.7,18.0,15.7,MM,1.6,MM,MM,44032
2021,08,25,12,04,270,3.0,3.0,0.9,8,MM,MM,1017.7,17.6,15.5,MM,1.6,MM,MM,44032
2021,08,25,11,04,270,2.0,3.0,0.8,8,MM,MM,1017.1,17.6,15.3,MM,1.6,MM,MM,44032
2021,08,25,10,04,270,3.0,4.0,0.8,8,MM,MM,1016.4,17.2,15.3,MM,1.6,MM,MM,44032
2021,08,25,09,04,290,2.0,2.0,0.9,8,MM,MM,1015.8,18.0,15.5,MM,1.6,MM,MM,44032
2021,08,25,08,04,220,1.0,1.0,0.8,8,MM,MM,1015.2,17.5,15.8,MM,1.6,MM,MM,44032
2021,08,25,07,04,300,1.0,2.0,1.0,8,MM,MM,1014.9,17.4,15.7,MM,1.6,MM,MM,44032
2021,08,25,06,04,270,3.0,4.0,1.0,8,MM,MM,1014.3,17.2,15.8,MM,1.6,MM,MM,44032
2021,08,25,05,04,270,3.0,4.0,1.1,8,MM,MM,1014.2,17.7,16.0,MM,1.6,MM,MM,44032
2021,08,25,04,04,250,3.0,4.0,1.1,8,MM,MM,1014.1,17.9,16.2,MM,1.6,MM,MM,44032
2021,08,25,03,04,270,3.0,3.0,1.2,8,MM,MM,1013.9,17.5,16.1,MM,1.6,MM,MM,44032
2021,08,25,02,04,240,2.0,3.0,1.1,8,MM,MM,1013.3,17.7,16.1,MM,1.6,MM,MM,44032
2021,08,25,01,04,210,4.0,4.0,1.0,8,MM,MM,1012.8,18.0,16.1,MM,1.6,MM,MM,44032
2021,08,25,00,04,200,2.0,3.0,1.0,8,MM,MM,1012.5,17.6,15.9,MM,1.6,MM,MM,44032
2021,08,24,23,04,200,3.0,4.0,0.9,8,MM,MM,1012.2,17.9,16.2,MM,1.6,MM,MM,44032
2021,08,24,22,04,200,3.0,4.0,0.9,8,MM,MM,1011.9,18.3,16.0,MM,1.6,MM,MM,44032
2021,08,24,21,04,200,5.0,6.0,0.8,8,MM,MM,1011.1,18.8,15.7,MM,1.5,MM,MM,44032
2021,08,24,20,04,190,4.0,4.0,0.9,8,MM,MM,1010.5,18.5,16.6,MM,1.6,MM,MM,44032
2021,08,24,19,04,190,4.0,4.0,1.0,8,MM,MM,1010.5,18.2,16.4,MM,1.6,MM,MM,44032
2021,08,24,18,04,220,3.0,3.0,1.0,8,MM,MM,1010.8,18.2,16.0,MM,1.6,MM,MM,44032
2021,08,24,17,04,210,3.0,3.0,1.1,8,MM,MM,1010.9,17.8,16.4,MM,1.6,MM,MM,44032
2021,08,24,16,04,200,2.0,2.0,1.1,8,MM,MM,1010.8,18.5,15.7,MM,0.9,MM,MM,44032
2021,08,24,15,04,310,1.0,2.0,1.3,8,MM,MM,1010.6,17.0,15.8,MM,0.5,MM,MM,44032
2021,08,24,14,04,320,2.0,2.0,1.4,8,MM,MM,1010.3,16.5,15.7,MM,0.6,MM,MM,44032
2021,08,24,13,04,20,1.0,2.0,1.3,8,MM,MM,1010.0,17.0,15.5,MM,1.6,MM,MM,44032
2021,08,24,12,04,20,2.0,3.0,1.0,8,MM,MM,1010.0,16.8,15.4,MM,0.6,MM,MM,44032
2021,08,24,11,04,MM,MM,MM,0.8,8,MM,MM,MM,MM,15.1,MM,MM,MM,MM,44032
2021,08,24,10,04,MM,MM,MM,0.9,8,MM,MM,MM,MM,15.1,MM,MM,MM,MM,44032
2021,08,24,09,04,30,3.0,4.0,0.9,8,MM,MM,1009.8,16.1,15.2,MM,0.5,MM,MM,44032
2021,08,24,08,04,90,1.0,1.0,0.9,8,MM,MM,1010.0,16.7,15.2,MM,0.9,MM,MM,44032
2021,08,24,07,04,200,1.0,1.0,0.8,11,MM,MM,1010.0,16.1,15.1,MM,1.0,MM,MM,44032
2021,08,24,06,04,140,2.0,2.0,0.9,8,MM,MM,1009.9,15.9,15.3,MM,0.2,MM,MM,44032
2021,08,24,05,04,200,2.0,3.0,0.9,8,MM,MM,1010.0,16.1,15.3,MM,0.3,MM,MM,44032
2021,08,24,04,04,180,2.0,2.0,1.0,8,MM,MM,1010.4,16.4,15.5,MM,0.5,MM,MM,44032
2021,08,24,03,04,180,2.0,3.0,1.1,8,MM,MM,1010.8,16.6,15.5,MM,1.0,MM,MM,44032
2021,08,24,02,04,160,2.0,3.0,1.1,8,MM,MM,1011.2,16.5,15.5,MM,0.2,MM,MM,44032
2021,08,24,01,04,110,2.0,3.0,1.1,8,MM,MM,1011.5,16.7,15.2,MM,0.2,MM,MM,44032
2021,08,24,00,04,360,2.0,2.0,1.2,8,MM,MM,1011.5,16.3,15.2,MM,0.2,MM,MM,44032
2021,08,23,23,04,50,2.0,2.0,1.2,8,MM,MM,1011.5,15.9,15.1,MM,0.4,MM,MM,44032
2021,08,23,22,04,60,4.0,5.0,1.2,11,MM,MM,1011.6,15.8,15.1,MM,0.4,MM,MM,44032
2021,08,23,21,04,50,4.0,5.0,1.2,8,MM,MM,1012.1,15.9,15.2,MM,1.6,MM,MM,44032
2021,08,23,20,04,50,6.0,8.0,MM,MM,MM,MM,1012.2,15.9,15.2,MM,1.6,MM,MM,44032
2021,08,23,19,04,50,6.0,7.0,1.3,11,MM,MM,1012.5,15.5,15.1,MM,1.6,MM,MM,44032
2021,08,23,18,04,70,6.0,7.0,1.2,8,MM,MM,1013.3,15.7,15.1,MM,1.1,MM,MM,44032
2021,08,23,17,04,70,5.0,6.0,1.6,11,MM,MM,1013.7,15.8,15.5,MM,1.6,MM,MM,44032
2021,08,23,16,04,70,6.0,8.0,1.4,11,MM,MM,1013.8,16.0,15.8,MM,1.6,MM,MM,44032
2021,08,23,15,04,70,7.0,8.0,1.4,8,MM,MM,1014.3,15.7,15.8,MM,1.6,MM,MM,44032
2021,08,23,14,04,60,6.0,7.0,1.7,8,MM,MM,1014.7,15.6,15.5,MM,0.6,MM,MM,44032
2021,08,23,13,04,50,4.0,5.0,1.5,8,MM,MM,1014.8,15.6,15.5,MM,1.3,MM,MM,44032
2021,08,23,12,04,50,5.0,6.0,1.5,8,MM,MM,1014.8,15.6,16.0,MM,1.6,MM,MM,44032
2021,08,23,11,04,60,5.0,6.0,1.5,8,MM,MM,1014.7,15.7,16.1,MM,1.6,MM,MM,44032
2021,08,23,10,04,60,5.0,6.0,1.6,11,MM,MM,1014.4,15.7,16.1,MM,1.4,MM,MM,44032
2021,08,23,09,04,60,4.0,5.0,1.6,11,MM,MM,1014.3,16.2,16.0,MM,1.6,MM,MM,44032
2021,08,23,08,04,110,3.0,4.0,1.6,11,MM,MM,1014.2,16.4,15.7,MM,1.6,MM,MM,44032
2021,08,23,07,04,110,3.0,4.0,1.5,11,MM,MM,1014.4,15.9,15.4,MM,1.6,MM,MM,44032
2021,08,23,06,04,110,4.0,4.0,1.6,11,MM,MM,1014.3,15.8,15.2,MM,1.6,MM,MM,44032
2021,08,23,05,04,100,4.0,5.0,1.6,11,MM,MM,1014.1,15.7,15.0,MM,1.4,MM,MM,44032
2021,08,23,04,04,110,4.0,5.0,1.8,11,MM,MM,1014.3,15.5,14.8,MM,0.5,MM,MM,44032
2021,08,23,03,04,100,4.0,5.0,1.9,11,MM,MM,1014.2,15.5,14.8,MM,0.3,MM,MM,44032
2021,08,23,02,04,90,5.0,6.0,2.0,11,MM,MM,1013.9,15.8,14.9,MM,0.8,MM,MM,44032
2021,08,23,01,04,90,7.0,8.0,2.2,11,MM,MM,1014.1,16.0,15.3,MM,0.6,MM,MM,44032
2021,08,23,00,04,80,7.0,8.0,2.2,11,MM,MM,1013.8,16.2,15.5,MM,0.9,MM,MM,44032
2021,08,22,23,04,80,9.0,10.0,2.5,11,MM,MM,1013.3,16.3,15.8,MM,1.6,MM,MM,44032
2021,08,22,22,04,80,10.0,12.0,2.3,11,MM,MM,1013.4,16.4,16.2,MM,1.6,MM,MM,44032
2021,08,22,21,04,80,10.0,12.0,MM,MM,MM,MM,1013.4,16.5,16.2,MM,1.6,MM,MM,44032
2021,08,22,20,04,60,10.0,12.0,1.3,5,MM,MM,1013.6,16.5,16.4,MM,1.6,MM,MM,44032
2021,08,22,19,04,50,11.0,13.0,1.3,5,MM,MM,1013.8,16.2,16.4,MM,1.6,MM,MM,44032
2021,08,22,18,04,50,10.0,11.0,1.1,4,MM,MM,1014.6,16.4,16.1,MM,1.6,MM,MM,44032
2021,08,22,17,04,50,10.0,11.0,1.2,4,MM,MM,1014.8,16.2,16.0,MM,1.6,MM,MM,44032
2021,08,22,16,04,60,9.0,11.0,1.0,4,MM,MM,1015.2,16.1,15.9,MM,1.6,MM,MM,44032
2021,08,22,15,04,50,9.0,10.0,0.8,4,MM,MM,1015.5,16.2,16.1,MM,1.6,MM,MM,44032
2021,08,22,14,04,60,8.0,10.0,1.0,6,MM,MM,1015.8,16.8,16.2,MM,1.2,MM,MM,44032
2021,08,22,13,04,60,8.0,9.0,1.1,8,MM,MM,1015.5,16.6,16.3,MM,1.6,MM,MM,44032
2021,08,22,12,04,40,8.0,10.0,MM,MM,MM,MM,1015.2,16.6,16.6,MM,1.1,MM,MM,44032
2021,08,22,11,04,50,6.0,7.0,1.4,8,MM,MM,1016.4,16.6,16.8,MM,1.6,MM,MM,44032
2021,08,22,10,04,70,5.0,6.0,1.1,8,MM,MM,1016.5,16.5,16.9,MM,1.3,MM,MM,44032
2021,08,22,09,04,50,5.0,7.0,0.9,8,MM,MM,1016.3,16.6,16.5,MM,1.6,MM,MM,44032
2021,08,22,08,04,70,5.0,6.0,0.9,8,MM,MM,1016.1,16.8,16.0,MM,1.5,MM,MM,44032
2021,08,22,07,04,50,6.0,7.0,1.0,11,MM,MM,1015.8,16.6,16.0,MM,1.6,MM,MM,44032
2021,08,22,06,04,40,4.0,5.0,0.9,11,MM,MM,1016.4,16.7,16.1,MM,1.6,MM,MM,44032
2021,08,22,05,04,20,3.0,4.0,0.9,11,MM,MM,1016.8,16.5,16.1,MM,1.2,MM,MM,44032
2021,08,22,04,04,70,2.0,3.0,1.0,11,MM,MM,1016.8,16.7,16.1,MM,1.1,MM,MM,44032
2021,08,22,03,04,80,2.0,2.0,0.9,8,MM,MM,1016.8,16.5,16.2,MM,0.5,MM,MM,44032
2021,08,22,02,04,70,4.0,4.0,1.1,8,MM,MM,1016.8,16.2,16.0,MM,0.8,MM,MM,44032
2021,08,22,01,04,70,5.0,5.0,1.1,11,MM,MM,1016.9,16.2,16.1,MM,0.5,MM,MM,44032
2021,08,22,00,04,70,5.0,6.0,1.2,11,MM,MM,1016.3,16.2,16.0,MM,0.6,MM,MM,44032
2021,08,21,23,04,80,5.0,6.0,1.2,8,MM,MM,1016.8,16.3,16.2,MM,1.6,MM,MM,44032
2021,08,21,22,04,80,5.0,7.0,1.1,8,MM,MM,1016.9,16.4,16.4,MM,1.3,MM,MM,44032
2021,08,21,21,04,90,5.0,6.0,1.0,8,MM,MM,1016.6,16.4,16.9,MM,0.5,MM,MM,44032
2021,08,21,20,04,80,6.0,7.0,0.9,8,MM,MM,1016.6,16.5,17.1,MM,1.6,MM,MM,44032
2021,08,21,19,04,70,6.0,8.0,0.6,3,MM,MM,1016.5,16.6,17.2,MM,1.6,MM,MM,44032
2021,08,21,18,04,70,6.0,7.0,MM,MM,MM,MM,1016.6,16.5,17.4,MM,1.0,MM,MM,44032
2021,08,21,17,04,90,6.0,7.0,1.1,11,MM,MM,1016.6,16.5,17.4,MM,0.4,MM,MM,44032
2021,08,21,16,04,90,5.0,6.0,0.8,6,MM,MM,1016.5,17.0,17.5,MM,1.6,MM,MM,44032
2021,08,21,15,04,70,7.0,9.0,0.5,3,MM,MM,1016.0,17.2,17.6,MM,1.5,MM,MM,44032
2021,08,21,14,04,70,8.0,9.0,0.7,6,MM,MM,1015.5,17.5,18.0,MM,0.5,MM,MM,44032
2021,08,21,13,04,70,4.0,5.0,0.8,11,MM,MM,1015.3,18.2,17.7,MM,1.4,MM,MM,44032
2021,08,21,12,04,60,3.0,4.0,0.9,11,MM,MM,1014.9,18.9,17.7,MM,1.6,MM,MM,44032
2021,08,21,11,04,210,1.0,1.0,0.9,8,MM,MM,1014.8,19.1,18.0,MM,1.6,MM,MM,44032
2021,08,21,10,04,200,3.0,3.0,0.8,8,MM,MM,1014.4,18.6,18.1,MM,1.6,MM,MM,44032
2021,08,21,09,04,180,2.0,2.0,0.9,11,MM,MM,1013.8,18.6,18.1,MM,1.6,MM,MM,44032
2021,08,21,08,04,100,1.0,1.0,0.8,11,MM,MM,1013.2,18.7,18.2,MM,1.6,MM,MM,44032
2021,08,21,07,04,MM,0.0,1.0,0.8,11,MM,MM,1012.8,18.8,18.3,MM,1.6,MM,MM,44032
2021,08,21,06,04,250,1.0,2.0,0.7,11,MM,MM,1012.8,18.8,18.1,MM,1.6,MM,MM,44032
2021,08,21,05,04,240,2.0,2.0,0.8,11,MM,MM,1012.7,18.8,17.8,MM,1.6,MM,MM,44032
2021,08,21,04,04,220,2.0,3.0,0.8,6,MM,MM,1012.6,19.0,18.0,MM,1.6,MM,MM,44032
2021,08,21,03,04,210,3.0,4.0,0.8,11,MM,MM,1012.1,19.0,18.1,MM,1.6,MM,MM,44032
2021,08,21,02,04,230,2.0,3.0,0.8,6,MM,MM,1011.6,19.3,18.0,MM,1.6,MM,MM,44032
2021,08,21,01,04,220,2.0,2.0,0.9,11,MM,MM,1011.2,19.6,18.6,MM,1.6,MM,MM,44032
2021,08,21,00,04,200,3.0,3.0,1.0,11,MM,MM,1010.9,19.5,18.9,MM,1.6,MM,MM,44032
2021,08,20,23,04,230,2.0,3.0,1.0,11,MM,MM,1010.5,20.0,18.9,MM,1.6,MM,MM,44032
2021,08,20,22,04,240,3.0,3.0,1.0,11,MM,MM,1010.5,20.0,18.0,MM,1.6,MM,MM,44032
2021,08,20,21,04,220,4.0,5.0,0.9,11,MM,MM,1010.4,20.4,17.9,MM,1.6,MM,MM,44032
2021,08,20,20,04,220,3.0,3.0,0.8,5,MM,MM,1010.6,20.3,18.4,MM,1.6,MM,MM,44032
2021,08,20,19,04,220,3.0,4.0,0.8,6,MM,MM,1010.6,20.2,18.6,MM,1.6,MM,MM,44032
2021,08,20,18,04,220,2.0,3.0,0.7,6,MM,MM,1010.4,20.4,18.8,MM,1.6,MM,MM,44032
2021,08,20,17,04,200,2.0,2.0,0.7,6,MM,MM,1010.4,20.4,18.6,MM,1.6,MM,MM,44032
2021,08,20,16,04,170,2.0,2.0,0.8,6,MM,MM,1010.3,19.1,18.2,MM,1.6,MM,MM,44032
2021,08,20,15,04,170,1.0,2.0,0.8,6,MM,MM,1010.0,19.3,18.0,MM,1.6,MM,MM,44032
2021,08,20,14,04,340,1.0,2.0,0.8,5,MM,MM,1009.7,18.4,18.0,MM,1.6,MM,MM,44032
2021,08,20,13,04,360,2.0,3.0,0.8,6,MM,MM,1009.5,18.0,17.8,MM,1.6,MM,MM,44032
2021,08,20,12,04,10,3.0,3.0,0.8,5,MM,MM,1009.7,18.0,17.9,MM,1.6,MM,MM,44032
2021,08,20,11,04,20,3.0,4.0,1.0,5,MM,MM,1009.2,17.8,17.8,MM,0.5,MM,MM,44032
2021,08,20,10,04,80,2.0,2.0,1.1,6,MM,MM,1008.9,17.8,17.8,MM,0.3,MM,MM,44032
2021,08,20,09,04,70,2.0,3.0,1.0,5,MM,MM,1008.9,17.8,17.6,MM,0.3,MM,MM,44032
2021,08,20,08,04,70,2.0,2.0,1.0,5,MM,MM,1008.9,17.8,17.5,MM,0.3,MM,MM,44032
2021,08,20,07,04,90,2.0,2.0,1.0,5,MM,MM,1009.3,18.0,17.5,MM,0.3,MM,MM,44032
2021,08,20,06,04,210,1.0,1.0,0.9,5,MM,MM,1009.8,18.6,17.5,MM,1.4,MM,MM,44032
2021,08,20,05,04,190,2.0,3.0,0.6,5,MM,MM,1009.9,18.6,17.6,MM,1.6,MM,MM,44032
2021,08,20,04,04,190,3.0,3.0,0.8,11,MM,MM,1010.4,18.3,17.6,MM,1.6,MM,MM,44032
2021,08,20,03,04,140,3.0,4.0,0.5,4,MM,MM,1010.9,18.6,17.6,MM,1.3,MM,MM,44032
2021,08,20,02,04,130,5.0,6.0,0.6,4,MM,MM,1011.4,18.7,17.6,MM,0.5,MM,MM,44032
2021,08,20,01,04,110,5.0,6.0,0.5,4,MM,MM,1012.1,18.4,17.8,MM,1.0,MM,MM,44032
2021,08,20,00,04,100,6.0,7.0,0.4,3,MM,MM,1012.2,18.6,18.0,MM,1.6,MM,MM,44032
2021,08,19,23,04,120,6.0,7.0,0.4,3,MM,MM,1012.7,19.1,17.9,MM,1.6,MM,MM,44032
2021,08,19,22,04,150,7.0,8.0,MM,MM,MM,MM,1013.4,19.5,18.0,MM,1.6,MM,MM,44032
2021,08,19,21,04,140,5.0,5.0,0.6,8,MM,MM,1014.6,19.4,18.2,MM,1.6,MM,MM,44032
2021,08,19,20,04,150,4.0,5.0,0.7,11,MM,MM,1015.3,19.3,18.3,MM,1.6,MM,MM,44032
2021,08,19,19,04,150,3.0,4.0,0.7,8,MM,MM,1015.8,19.3,18.3,MM,1.6,MM,MM,44032
2021,08,19,18,04,180,4.0,5.0,0.7,11,MM,MM,1016.5,19.2,18.6,MM,1.6,MM,MM,44032
2021,08,19,17,04,180,2.0,3.0,0.7,11,MM,MM,1016.9,19.2,18.6,MM,0.8,MM,MM,44032
2021,08,19,16,04,190,1.0,2.0,0.7,11,MM,MM,1017.5,20.9,18.5,MM,1.6,MM,MM,44032
2021,08,19,15,04,150,2.0,3.0,0.7,5,MM,MM,1017.6,19.4,17.8,MM,1.6,MM,MM,44032
2021,08,19,14,04,180,1.0,2.0,0.7,5,MM,MM,1017.9,19.7,17.8,MM,1.6,MM,MM,44032
2021,08,19,13,04,260,1.0,1.0,0.7,5,MM,MM,1018.0,19.5,17.8,MM,1.6,MM,MM,44032
2021,08,19,12,04,230,2.0,3.0,0.6,5,MM,MM,1018.5,19.0,17.2,MM,1.6,MM,MM,44032
2021,08,19,11,04,230,1.0,2.0,0.6,5,MM,MM,1018.2,18.8,17.8,MM,1.6,MM,MM,44032
2021,08,19,10,04,240,3.0,3.0,0.6,5,MM,MM,1018.4,18.9,17.9,MM,1.6,MM,MM,44032
2021,08,19,09,04,240,2.0,3.0,0.6,5,MM,MM,1018.5,18.8,18.1,MM,1.6,MM,MM,44032
2021,08,19,08,04,220,2.0,3.0,0.8,5,MM,MM,1019.0,18.7,18.2,MM,1.6,MM,MM,44032
2021,08,19,07,04,240,1.0,2.0,0.7,5,MM,MM,1018.8,18.4,18.1,MM,1.6,MM,MM,44032
2021,08,19,06,04,260,3.0,3.0,0.7,5,MM,MM,1019.1,18.5,16.9,MM,1.6,MM,MM,44032
2021,08,19,05,04,250,3.0,3.0,0.9,5,MM,MM,1019.7,18.5,17.4,MM,1.6,MM,MM,44032
2021,08,19,04,04,260,3.0,4.0,0.9,5,MM,MM,1020.0,18.8,17.2,MM,1.6,MM,MM,44032
2021,08,19,03,04,230,6.0,7.0,0.8,5,MM,MM,1020.1,19.6,17.4,MM,1.6,MM,MM,44032
2021,08,19,02,04,220,5.0,6.0,0.9,5,MM,MM,1020.2,19.3,17.5,MM,1.6,MM,MM,44032
2021,08,19,01,04,210,6.0,6.0,1.0,5,MM,MM,1020.4,19.4,17.5,MM,1.6,MM,MM,44032
2021,08,19,00,04,210,6.0,7.0,0.9,5,MM,MM,1020.1,19.3,17.5,MM,1.6,MM,MM,44032
2021,08,18,23,04,200,5.0,6.0,0.9,5,MM,MM,1020.3,19.0,17.8,MM,1.6,MM,MM,44032
2021,08,18,22,04,200,6.0,7.0,0.9,5,MM,MM,1020.6,19.2,17.8,MM,1.6,MM,MM,44032
2021,08,18,21,04,200,5.0,6.0,0.8,5,MM,MM,1020.9,19.4,18.3,MM,1.6,MM,MM,44032
2021,08,18,20,04,180,4.0,5.0,0.8,5,MM,MM,1021.4,19.1,18.4,MM,1.6,MM,MM,44032
2021,08,18,19,04,180,2.0,3.0,0.7,5,MM,MM,1022.0,19.0,18.2,MM,1.6,MM,MM,44032
2021,08,18,18,04,190,4.0,4.0,0.7,5,MM,MM,1022.3,18.8,18.0,MM,1.6,MM,MM,44032
2021,08,18,17,04,180,4.0,4.0,0.7,5,MM,MM,1022.5,18.4,17.3,MM,1.6,MM,MM,44032
2021,08,18,16,04,200,3.0,4.0,0.8,5,MM,MM,1022.9,18.8,17.2,MM,1.6,MM,MM,44032
2021,08,18,15,04,210,4.0,4.0,0.7,5,MM,MM,1023.3,18.8,16.8,MM,1.6,MM,MM,44032
2021,08,18,14,04,220,4.0,5.0,0.7,5,MM,MM,1023.3,18.6,16.5,MM,1.6,MM,MM,44032
2021,08,18,13,04,220,4.0,5.0,0.7,5,MM,MM,1023.0,18.3,16.2,MM,1.6,MM,MM,44032
2021,08,18,12,04,220,4.0,5.0,0.7,5,MM,MM,1023.0,18.3,16.5,MM,1.6,MM,MM,44032
2021,08,18,11,04,220,5.0,6.0,0.7,5,MM,MM,1022.7,18.6,16.8,MM,1.6,MM,MM,44032
2021,08,18,10,04,230,5.0,6.0,0.7,5,MM,MM,1022.3,18.8,16.9,MM,1.6,MM,MM,44032
2021,08,18,09,04,220,5.0,6.0,0.7,5,MM,MM,1022.0,18.8,16.9,MM,1.6,MM,MM,44032
2021,08,18,08,04,220,4.0,5.0,0.8,5,MM,MM,1021.9,18.7,16.9,MM,1.6,MM,MM,44032
2021,08,18,07,04,230,5.0,6.0,0.7,4,MM,MM,1022.0,19.1,16.7,MM,1.6,MM,MM,44032
2021,08,18,06,04,230,5.0,5.0,0.6,4,MM,MM,1021.9,18.8,17.0,MM,1.6,MM,MM,44032
2021,08,18,05,04,220,2.0,3.0,0.5,4,MM,MM,1022.2,18.4,16.8,MM,1.6,MM,MM,44032
2021,08,18,04,04,190,2.0,3.0,0.5,11,MM,MM,1022.2,18.2,17.0,MM,1.6,MM,MM,44032
2021,08,18,03,04,180,3.0,3.0,0.4,11,MM,MM,1022.2,18.2,16.7,MM,1.6,MM,MM,44032
2021,08,18,02,04,150,2.0,3.0,MM,MM,MM,MM,1022.0,18.4,17.4,MM,1.6,MM,MM,44032
2021,08,18,01,04,140,2.0,3.0,0.4,11,MM,MM,1022.3,18.3,17.6,MM,1.6,MM,MM,44032
2021,08,18,00,04,120,2.0,2.0,0.2,MM,MM,MM,1021.9,18.2,17.7,MM,1.6,MM,MM,44032
2021,08,17,23,04,150,2.0,2.0,0.2,MM,MM,MM,1021.7,18.2,17.4,MM,1.6,MM,MM,44032
2021,08,17,22,04,160,2.0,3.0,0.4,11,MM,MM,1021.7,18.8,17.8,MM,1.6,MM,MM,44032
2021,08,17,21,04,150,2.0,2.0,MM,MM,MM,MM,1021.9,19.7,17.9,MM,1.6,MM,MM,44032
2021,08,17,20,04,170,2.0,3.0,0.4,8,MM,MM,1022.0,19.1,17.5,MM,1.6,MM,MM,44032
2021,08,17,19,04,190,2.0,2.0,0.4,8,MM,MM,1022.3,18.9,18.1,MM,1.6,MM,MM,44032
2021,08,17,18,04,210,3.0,3.0,0.4,8,MM,MM,1022.7,18.7,17.8,MM,1.6,MM,MM,44032
2021,08,17,17,04,190,3.0,3.0,0.5,8,MM,MM,1022.9,18.3,17.7,MM,1.6,MM,MM,44032
2021,08,17,16,04,200,3.0,4.0,0.4,11,MM,MM,1023.1,18.3,17.3,MM,1.6,MM,MM,44032
2021,08,17,15,04,190,2.0,3.0,0.4,11,MM,MM,1023.5,18.1,17.0,MM,1.6,MM,MM,44032
2021,08,17,14,04,190,2.0,3.0,MM,MM,MM,MM,1023.5,17.8,16.6,MM,1.6,MM,MM,44032
2021,08,17,13,04,190,2.0,2.0,0.3,3,MM,MM,1023.4,17.9,16.5,MM,1.6,MM,MM,44032
2021,08,17,12,04,180,2.0,3.0,0.3,3,MM,MM,1023.3,17.2,16.4,MM,1.6,MM,MM,44032
2021,08,17,11,04,160,2.0,3.0,0.3,4,MM,MM,1022.9,16.8,16.5,MM,1.6,MM,MM,44032
2021,08,17,10,04,180,2.0,2.0,0.3,3,MM,MM,1022.8,16.8,16.4,MM,1.6,MM,MM,44032
2021,08,17,09,04,220,2.0,2.0,0.3,4,MM,MM,1022.8,16.9,16.4,MM,1.6,MM,MM,44032
2021,08,17,08,04,260,2.0,2.0,MM,MM,MM,MM,1022.9,17.0,16.4,MM,1.6,MM,MM,44032
2021,08,17,07,04,250,1.0,2.0,0.5,11,MM,MM,1022.8,17.0,16.4,MM,1.6,MM,MM,44032
2021,08,17,06,04,220,1.0,1.0,0.4,11,MM,MM,1022.7,17.0,16.5,MM,1.6,MM,MM,44032
2021,08,17,05,04,220,1.0,1.0,0.5,11,MM,MM,1022.7,17.1,16.7,MM,1.6,MM,MM,44032
2021,08,17,04,04,210,2.0,3.0,0.4,11,MM,MM,1022.4,17.5,16.8,MM,1.6,MM,MM,44032
2021,08,17,03,04,200,3.0,3.0,0.4,11,MM,MM,1022.4,17.6,16.5,MM,1.6,MM,MM,44032
2021,08,17,02,04,200,3.0,4.0,MM,MM,MM,MM,1022.4,17.6,17.0,MM,1.6,MM,MM,44032
2021,08,17,01,04,200,3.0,4.0,0.2,MM,MM,MM,1022.5,17.6,16.8,MM,1.6,MM,MM,44032
2021,08,17,00,04,200,4.0,4.0,0.4,11,MM,MM,1022.4,17.9,16.8,MM,1.6,MM,MM,44032
2021,08,16,23,04,200,4.0,5.0,0.2,MM,MM,MM,1022.0,18.3,16.9,MM,1.6,MM,MM,44032
2021,08,16,22,04,190,4.0,5.0,0.3,6,MM,MM,1022.0,18.5,17.1,MM,1.6,MM,MM,44032
2021,08,16,21,04,200,4.0,5.0,0.4,11,MM,MM,1022.4,18.5,16.7,MM,1.6,MM,MM,44032
2021,08,16,20,04,200,4.0,5.0,0.4,11,MM,MM,1022.8,18.6,16.8,MM,1.6,MM,MM,44032
2021,08,16,19,04,200,4.0,5.0,0.4,8,MM,MM,1023.3,19.0,17.9,MM,1.6,MM,MM,44032
2021,08,16,18,04,190,3.0,4.0,0.4,8,MM,MM,1023.8,19.1,17.5,MM,1.6,MM,MM,44032
2021,08,16,17,04,210,2.0,2.0,0.4,8,MM,MM,1024.0,18.8,17.1,MM,1.6,MM,MM,44032
2021,08,16,16,04,230,1.0,1.0,0.3,8,MM,MM,1024.3,18.4,17.0,MM,1.6,MM,MM,44032
2021,08,16,15,04,280,1.0,2.0,0.3,11,MM,MM,1024.6,17.7,17.2,MM,1.6,MM,MM,44032
2021,08,16,14,04,340,2.0,2.0,0.4,11,MM,MM,1024.6,17.3,17.1,MM,1.6,MM,MM,44032
2021,08,16,13,04,350,3.0,4.0,0.4,11,MM,MM,1024.5,16.9,16.9,MM,1.6,MM,MM,44032
2021,08,16,12,04,350,4.0,4.0,0.4,11,MM,MM,1024.3,16.9,17.0,MM,1.6,MM,MM,44032
2021,08,16,11,04,350,4.0,4.0,0.4,11,MM,MM,1023.8,16.9,17.0,MM,1.6,MM,MM,44032
2021,08,16,10,04,350,3.0,4.0,0.4,11,MM,MM,1023.4,16.9,17.1,MM,1.6,MM,MM,44032
2021,08,16,09,04,350,4.0,4.0,0.3,6,MM,MM,1023.0,17.1,17.1,MM,1.6,MM,MM,44032
2021,08,16,08,04,360,4.0,5.0,0.4,8,MM,MM,1022.9,17.2,17.4,MM,1.6,MM,MM,44032
2021,08,16,07,04,350,4.0,5.0,0.4,8,MM,MM,1022.8,17.3,17.3,MM,1.6,MM,MM,44032
2021,08,16,06,04,340,3.0,3.0,0.3,8,MM,MM,1023.0,17.3,17.3,MM,1.6,MM,MM,44032
2021,08,16,05,04,360,3.0,3.0,0.3,8,MM,MM,1023.0,17.6,17.8,MM,1.6,MM,MM,44032
2021,08,16,04,04,360,3.0,3.0,0.4,8,MM,MM,1022.9,17.9,18.1,MM,1.6,MM,MM,44032
2021,08,16,03,04,330,3.0,3.0,0.3,11,MM,MM,1022.3,18.5,18.3,MM,1.6,MM,MM,44032
2021,08,16,02,04,330,3.0,4.0,0.3,11,MM,MM,1022.0,19.2,18.2,MM,1.6,MM,MM,44032
2021,08,16,01,04,340,3.0,4.0,0.3,8,MM,MM,1021.9,19.7,18.2,MM,1.6,MM,MM,44032
2021,08,16,00,04,320,3.0,4.0,0.2,MM,MM,MM,1021.2,19.8,18.3,MM,1.6,MM,MM,44032
2021,08,15,23,04,310,4.0,5.0,0.3,6,MM,MM,1020.7,20.9,18.4,MM,1.6,MM,MM,44032
2021,08,15,22,04,310,3.0,4.0,0.4,11,MM,MM,1020.2,20.8,18.6,MM,1.6,MM,MM,44032
2021,08,15,21,04,240,3.0,4.0,0.3,8,MM,MM,1020.1,20.3,18.7,MM,1.6,MM,MM,44032
2021,08,15,20,04,250,2.0,3.0,0.4,8,MM,MM,1020.0,21.5,18.7,MM,1.6,MM,MM,44032
2021,08,15,19,04,240,1.0,1.0,0.4,8,MM,MM,1020.4,21.7,18.8,MM,1.6,MM,MM,44032
2021,08,15,18,04,350,1.0,2.0,0.4,8,MM,MM,1021.1,20.9,18.9,MM,1.6,MM,MM,44032
2021,08,15,17,04,320,2.0,3.0,0.4,8,MM,MM,1021.4,20.0,17.9,MM,1.6,MM,MM,44032
2021,08,15,16,04,310,3.0,3.0,0.4,8,MM,MM,1021.6,19.6,18.2,MM,1.6,MM,MM,44032
2021,08,15,15,04,320,2.0,3.0,0.3,3,MM,MM,1021.7,18.9,17.9,MM,1.6,MM,MM,44032
2021,08,15,14,04,320,5.0,6.0,0.4,3,MM,MM,1021.7,19.0,17.8,MM,1.6,MM,MM,44032
2021,08,15,13,04,330,6.0,7.0,0.4,3,MM,MM,1021.6,18.5,17.9,MM,1.6,MM,MM,44032
2021,08,15,12,04,330,6.0,7.0,0.5,3,MM,MM,1021.1,18.3,18.1,MM,1.6,MM,MM,44032
2021,08,15,11,04,320,6.0,7.0,0.6,3,MM,MM,1020.6,18.4,18.3,MM,1.6,MM,MM,44032
2021,08,15,10,04,320,5.0,6.0,0.5,3,MM,MM,1020.0,18.5,18.6,MM,1.6,MM,MM,44032
2021,08,15,09,04,310,6.0,7.0,0.3,3,MM,MM,1019.3,19.0,18.7,MM,1.6,MM,MM,44032
2021,08,15,08,04,310,5.0,6.0,0.5,8,MM,MM,1019.0,19.5,18.9,MM,1.6,MM,MM,44032
2021,08,15,07,04,310,5.0,6.0,0.3,3,MM,MM,1018.8,20.0,19.1,MM,1.6,MM,MM,44032
2021,08,15,06,04,310,5.0,6.0,0.3,3,MM,MM,1018.7,20.1,19.2,MM,1.6,MM,MM,44032
2021,08,15,05,04,320,6.0,7.0,0.5,8,MM,MM,1018.5,20.8,18.7,MM,1.6,MM,MM,44032
2021,08,15,04,04,310,4.0,5.0,0.5,8,MM,MM,1018.5,20.5,18.9,MM,1.6,MM,MM,44032
2021,08,15,03,04,300,4.0,5.0,0.5,8,MM,MM,1018.2,21.0,19.3,MM,1.6,MM,MM,44032
2021,08,15,02,04,310,3.0,3.0,0.4,5,MM,MM,1017.9,21.4,19.5,MM,1.6,MM,MM,44032
2021,08,15,01,04,310,4.0,5.0,0.5,8,MM,MM,1017.4,21.8,19.8,MM,1.6,MM,MM,44032
2021,08,15,00,04,330,2.0,4.0,0.5,5,MM,MM,1016.5,21.6,20.0,MM,1.6,MM,MM,44032
2021,08,14,23,04,170,1.0,1.0,0.5,5,MM,MM,1015.3,21.7,20.7,MM,1.6,MM,MM,44032
2021,08,14,22,04,60,1.0,2.0,0.4,5,MM,MM,1014.8,21.3,20.7,MM,1.6,MM,MM,44032
2021,08,14,21,04,20,3.0,4.0,0.4,5,MM,MM,1014.4,21.8,20.1,MM,1.6,MM,MM,44032
2021,08,14,20,04,360,6.0,8.0,0.5,5,MM,MM,1014.3,22.3,20.3,MM,1.6,MM,MM,44032
2021,08,14,19,04,250,4.0,4.0,0.5,8,MM,MM,1013.8,21.8,21.0,MM,1.6,MM,MM,44032
2021,08,14,18,04,210,2.0,2.0,0.5,8,MM,MM,1013.9,21.7,21.2,MM,1.6,MM,MM,44032
2021,08,14,17,04,170,3.0,3.0,0.5,8,MM,MM,1014.1,21.3,20.9,MM,1.6,MM,MM,44032
2021,08,14,16,04,170,2.0,2.0,0.5,8,MM,MM,1014.7,21.6,20.3,MM,1.6,MM,MM,44032
2021,08,14,15,04,190,2.0,3.0,0.5,8,MM,MM,1015.0,21.2,20.1,MM,1.6,MM,MM,44032
2021,08,14,14,04,180,2.0,3.0,0.5,8,MM,MM,1015.2,20.9,19.4,MM,1.6,MM,MM,44032
2021,08,14,13,04,150,2.0,3.0,0.5,5,MM,MM,1014.9,20.6,19.3,MM,1.6,MM,MM,44032
2021,08,14,12,04,150,2.0,2.0,0.5,5,MM,MM,1015.2,19.9,19.3,MM,1.6,MM,MM,44032
2021,08,14,11,04,120,3.0,3.0,0.5,5,MM,MM,1014.9,19.7,19.3,MM,1.6,MM,MM,44032
2021,08,14,10,04,100,3.0,3.0,0.5,5,MM,MM,1014.7,19.4,19.3,MM,1.6,MM,MM,44032
2021,08,14,09,04,120,2.0,3.0,0.5,5,MM,MM,1014.6,19.3,19.4,MM,1.6,MM,MM,44032
2021,08,14,08,04,100,4.0,4.0,0.5,5,MM,MM,1013.8,19.5,19.4,MM,1.6,MM,MM,44032
2021,08,14,07,04,100,3.0,3.0,0.5,5,MM,MM,1014.4,19.9,20.0,MM,1.6,MM,MM,44032
2021,08,14,06,04,MM,0.0,1.0,0.5,5,MM,MM,1014.9,19.8,20.0,MM,1.6,MM,MM,44032
2021,08,14,05,04,360,2.0,2.0,0.5,8,MM,MM,1015.4,19.8,19.9,MM,1.6,MM,MM,44032
2021,08,14,04,04,130,1.0,1.0,0.5,8,MM,MM,1015.8,20.3,20.2,MM,1.6,MM,MM,44032
2021,08,14,03,04,190,2.0,2.0,0.5,8,MM,MM,1015.8,20.7,20.0,MM,1.6,MM,MM,44032
2021,08,14,02,04,210,3.0,4.0,0.5,8,MM,MM,1016.0,20.8,20.0,MM,1.6,MM,MM,44032
2021,08,14,01,04,180,4.0,4.0,0.5,8,MM,MM,1015.7,21.1,19.2,MM,1.6,MM,MM,44032
2021,08,14,00,04,170,3.0,3.0,0.5,5,MM,MM,1015.3,21.2,19.7,MM,1.6,MM,MM,44032
2021,08,13,23,04,190,3.0,3.0,0.5,5,MM,MM,1015.0,22.0,20.7,MM,1.6,MM,MM,44032
2021,08,13,22,04,170,3.0,3.0,0.6,5,MM,MM,1014.7,22.1,20.9,MM,1.6,MM,MM,44032
2021,08,13,21,04,200,3.0,3.0,0.6,5,MM,MM,1015.2,22.5,21.0,MM,1.6,MM,MM,44032
2021,08,13,20,04,190,3.0,3.0,0.6,5,MM,MM,1015.5,22.4,20.5,MM,1.6,MM,MM,44032
2021,08,13,19,04,210,3.0,3.0,0.6,5,MM,MM,1015.8,22.1,20.3,MM,1.6,MM,MM,44032
2021,08,13,18,04,230,3.0,3.0,0.7,5,MM,MM,1015.9,21.7,19.5,MM,1.6,MM,MM,44032
2021,08,13,17,04,240,3.0,3.0,0.7,5,MM,MM,1016.3,21.2,19.2,MM,1.6,MM,MM,44032
2021,08,13,16,04,250,3.0,3.0,0.8,5,MM,MM,1016.4,20.9,19.1,MM,1.6,MM,MM,44032
2021,08,13,15,04,230,2.0,2.0,0.7,5,MM,MM,1016.1,20.7,19.3,MM,1.6,MM,MM,44032
2021,08,13,14,04,260,3.0,3.0,0.7,5,MM,MM,1016.1,20.6,19.0,MM,1.6,MM,MM,44032
2021,08,13,13,04,270,3.0,3.0,0.7,5,MM,MM,1015.9,20.3,18.6,MM,1.6,MM,MM,44032
2021,08,13,12,04,270,2.0,3.0,0.7,5,MM,MM,1015.3,20.0,18.5,MM,1.6,MM,MM,44032
2021,08,13,11,04,260,3.0,3.0,0.6,5,MM,MM,1014.6,20.0,18.5,MM,1.6,MM,MM,44032
2021,08,13,10,04,260,3.0,3.0,0.6,5,MM,MM,1014.3,19.4,18.5,MM,1.6,MM,MM,44032
2021,08,13,09,04,240,3.0,3.0,0.5,6,MM,MM,1013.8,19.2,18.5,MM,1.6,MM,MM,44032
2021,08,13,08,04,270,3.0,3.0,0.6,5,MM,MM,1013.2,19.0,18.4,MM,1.6,MM,MM,44032
2021,08,13,07,04,240,4.0,4.0,0.5,5,MM,MM,1012.8,19.2,18.2,MM,1.6,MM,MM,44032
2021,08,13,06,04,300,1.0,1.0,0.5,5,MM,MM,1012.0,19.3,18.0,MM,1.6,MM,MM,44032
2021,08,13,05,04,210,3.0,4.0,0.5,5,MM,MM,1012.1,19.5,18.1,MM,1.6,MM,MM,44032
2021,08,13,04,04,220,2.0,3.0,0.5,5,MM,MM,1011.9,19.5,18.1,MM,1.6,MM,MM,44032
2021,08,13,03,04,200,2.0,3.0,0.6,8,MM,MM,1011.7,19.7,18.2,MM,1.6,MM,MM,44032
2021,08,13,02,04,160,1.0,2.0,0.5,5,MM,MM,1011.6,19.7,18.4,MM,1.6,MM,MM,44032
2021,08,13,01,04,200,2.0,3.0,0.6,5,MM,MM,1011.7,19.4,18.5,MM,1.6,MM,MM,44032
2021,08,13,00,04,160,3.0,3.0,0.7,5,MM,MM,1011.6,19.5,18.5,MM,1.6,MM,MM,44032
2021,08,12,23,04,140,3.0,3.0,0.7,5,MM,MM,1011.5,19.6,18.7,MM,1.6,MM,MM,44032
2021,08,12,22,04,150,3.0,4.0,0.8,5,MM,MM,1011.5,19.9,18.4,MM,1.6,MM,MM,44032
2021,08,12,21,04,190,4.0,4.0,0.7,5,MM,MM,1011.9,19.8,18.5,MM,1.6,MM,MM,44032
2021,08,12,20,04,170,4.0,4.0,0.7,5,MM,MM,1011.6,19.8,18.7,MM,1.6,MM,MM,44032
2021,08,12,19,04,170,4.0,4.0,0.7,5,MM,MM,1012.5,19.9,18.7,MM,1.6,MM,MM,44032
2021,08,12,18,04,160,4.0,4.0,0.7,5,MM,MM,1012.7,19.9,18.7,MM,1.6,MM,MM,44032
2021,08,12,17,04,150,3.0,4.0,0.6,5,MM,MM,1013.0,20.0,18.6,MM,1.6,MM,MM,44032
2021,08,12,16,04,170,2.0,2.0,0.7,5,MM,MM,1013.6,20.9,18.0,MM,1.6,MM,MM,44032
2021,08,12,15,04,190,1.0,2.0,0.7,5,MM,MM,1013.9,20.5,17.9,MM,1.6,MM,MM,44032
2021,08,12,14,04,170,1.0,2.0,0.7,5,MM,MM,1013.7,19.9,17.8,MM,1.6,MM,MM,44032
2021,08,12,13,04,250,2.0,2.0,0.8,5,MM,MM,1013.8,19.1,17.6,MM,1.6,MM,MM,44032
2021,08,12,12,04,230,2.0,3.0,0.7,6,MM,MM,1013.9,18.7,17.4,MM,1.6,MM,MM,44032
2021,08,12,11,04,200,1.0,2.0,0.7,5,MM,MM,1013.7,18.3,17.3,MM,1.4,MM,MM,44032
2021,08,12,10,04,150,1.0,1.0,0.7,5,MM,MM,1013.4,17.9,17.4,MM,1.4,MM,MM,44032
2021,08,12,09,04,170,3.0,3.0,0.8,6,MM,MM,1012.6,18.0,17.5,MM,1.0,MM,MM,44032
2021,08,12,08,04,150,2.0,2.0,0.8,5,MM,MM,1012.6,18.0,17.5,MM,0.8,MM,MM,44032
2021,08,12,07,04,150,3.0,3.0,0.8,5,MM,MM,1012.2,18.5,17.6,MM,1.6,MM,MM,44032
2021,08,12,06,04,130,1.0,2.0,0.9,5,MM,MM,1013.2,18.4,17.6,MM,1.6,MM,MM,44032
2021,08,12,05,04,160,2.0,2.0,0.8,5,MM,MM,1013.4,19.2,17.8,MM,1.6,MM,MM,44032
2021,08,12,04,04,150,2.0,3.0,0.7,5,MM,MM,1013.6,18.9,17.9,MM,1.6,MM,MM,44032
2021,08,12,03,04,140,3.0,3.0,0.7,5,MM,MM,1013.7,18.8,17.6,MM,1.6,MM,MM,44032
2021,08,12,02,04,90,3.0,4.0,0.6,5,MM,MM,1013.8,18.0,17.1,MM,1.6,MM,MM,44032
2021,08,12,01,04,90,4.0,4.0,0.5,5,MM,MM,1013.7,17.8,17.1,MM,1.6,MM,MM,44032
2021,08,12,00,04,80,3.0,4.0,0.5,5,MM,MM,1013.7,18.0,17.5,MM,1.6,MM,MM,44032
2021,08,11,23,04,80,3.0,3.0,0.5,5,MM,MM,1013.9,18.5,17.7,MM,1.6,MM,MM,44032
2021,08,11,22,04,100,2.0,3.0,0.5,5,MM,MM,1014.1,19.3,17.5,MM,1.6,MM,MM,44032
2021,08,11,21,04,90,1.0,2.0,0.4,5,MM,MM,1014.3,19.3,17.6,MM,1.6,MM,MM,44032
2021,08,11,20,04,170,2.0,2.0,0.4,5,MM,MM,1014.4,18.7,17.7,MM,1.6,MM,MM,44032
2021,08,11,19,04,160,3.0,3.0,0.4,6,MM,MM,1014.8,18.4,17.6,MM,1.6,MM,MM,44032
2021,08,11,18,04,170,3.0,4.0,0.5,8,MM,MM,1015.2,18.5,17.3,MM,1.6,MM,MM,44032
2021,08,11,17,04,170,4.0,5.0,0.5,8,MM,MM,1015.4,18.9,17.2,MM,1.6,MM,MM,44032
2021,08,11,16,04,150,3.0,4.0,0.4,5,MM,MM,1015.8,18.2,17.0,MM,1.6,MM,MM,44032
2021,08,11,15,04,170,4.0,4.0,0.4,6,MM,MM,1016.4,18.1,16.8,MM,1.6,MM,MM,44032
2021,08,11,14,04,160,4.0,4.0,0.5,8,MM,MM,1016.1,17.8,16.8,MM,1.6,MM,MM,44032
2021,08,11,13,04,170,4.0,5.0,0.5,8,MM,MM,1016.6,17.8,16.8,MM,1.6,MM,MM,44032
2021,08,11,12,04,150,3.0,3.0,0.5,8,MM,MM,1017.0,17.3,16.8,MM,1.6,MM,MM,44032
2021,08,11,11,04,160,4.0,5.0,0.5,5,MM,MM,1017.0,17.4,16.8,MM,1.6,MM,MM,44032
2021,08,11,10,04,150,4.0,5.0,0.5,5,MM,MM,1016.9,17.5,16.8,MM,1.6,MM,MM,44032
2021,08,11,09,04,160,4.0,4.0,0.5,6,MM,MM,1017.4,17.3,16.8,MM,0.9,MM,MM,44032
2021,08,11,08,04,120,4.0,5.0,0.5,6,MM,MM,1017.3,17.0,16.9,MM,1.6,MM,MM,44032
2021,08,11,07,04,140,3.0,4.0,0.4,5,MM,MM,1017.7,17.0,17.0,MM,1.6,MM,MM,44032
2021,08,11,06,04,140,2.0,3.0,0.4,5,MM,MM,1018.5,17.1,17.0,MM,0.6,MM,MM,44032
2021,08,11,05,04,140,2.0,2.0,0.4,6,MM,MM,1019.0,17.1,17.0,MM,0.3,MM,MM,44032
2021,08,11,04,04,130,2.0,2.0,0.4,6,MM,MM,1019.3,16.9,17.0,MM,0.6,MM,MM,44032
2021,08,11,03,04,150,2.0,3.0,0.4,6,MM,MM,1019.3,16.6,17.0,MM,0.3,MM,MM,44032
2021,08,11,02,04,90,2.0,2.0,0.5,8,MM,MM,1019.1,16.6,17.0,MM,0.3,MM,MM,44032
2021,08,11,01,04,250,2.0,2.0,0.5,8,MM,MM,1019.8,16.6,17.1,MM,1.0,MM,MM,44032
2021,08,11,00,04,200,2.0,2.0,0.4,8,MM,MM,1019.5,16.4,17.1,MM,0.8,MM,MM,44032
2021,08,10,23,04,130,2.0,2.0,0.4,8,MM,MM,1019.5,16.1,17.0,MM,1.6,MM,MM,44032
2021,08,10,22,04,100,3.0,4.0,0.5,8,MM,MM,1019.7,16.5,17.1,MM,1.6,MM,MM,44032
2021,08,10,21,04,100,4.0,5.0,0.5,8,MM,MM,1019.8,16.7,17.1,MM,1.6,MM,MM,44032
2021,08,10,20,04,80,3.0,3.0,0.5,5,MM,MM,1020.1,17.2,17.3,MM,1.6,MM,MM,44032
2021,08,10,19,04,70,3.0,4.0,0.6,5,MM,MM,1020.6,17.5,17.2,MM,1.4,MM,MM,44032
2021,08,10,18,04,50,3.0,4.0,0.6,6,MM,MM,1020.7,17.5,17.0,MM,1.6,MM,MM,44032
2021,08,10,17,04,60,4.0,5.0,0.6,6,MM,MM,1021.4,17.0,16.9,MM,1.6,MM,MM,44032
2021,08,10,16,04,40,4.0,5.0,0.6,6,MM,MM,1021.9,16.9,16.9,MM,1.6,MM,MM,44032
2021,08,10,15,04,40,4.0,5.0,0.7,8,MM,MM,1022.3,16.7,16.9,MM,1.6,MM,MM,44032
2021,08,10,14,04,40,5.0,6.0,0.6,6,MM,MM,1022.4,16.4,16.9,MM,1.6,MM,MM,44032
2021,08,10,13,04,40,5.0,6.0,0.6,8,MM,MM,1022.5,16.3,16.9,MM,1.6,MM,MM,44032
2021,08,10,12,04,50,4.0,5.0,0.6,8,MM,MM,1022.7,16.3,16.8,MM,1.6,MM,MM,44032
2021,08,10,11,04,60,5.0,6.0,0.6,8,MM,MM,1022.8,16.2,16.8,MM,1.0,MM,MM,44032
2021,08,10,10,04,40,5.0,5.0,0.5,8,MM,MM,1022.8,16.3,16.7,MM,1.6,MM,MM,44032
2021,08,10,09,04,60,4.0,4.0,0.5,8,MM,MM,1022.7,16.1,16.7,MM,0.6,MM,MM,44032
2021,08,10,08,04,60,4.0,5.0,0.5,8,MM,MM,1022.5,16.1,16.7,MM,0.8,MM,MM,44032
2021,08,10,07,04,70,4.0,5.0,0.5,8,MM,MM,1022.7,16.1,16.7,MM,1.1,MM,MM,44032
2021,08,10,06,04,50,4.0,5.0,0.6,6,MM,MM,1022.9,16.1,16.8,MM,0.5,MM,MM,44032
2021,08,10,05,04,80,4.0,5.0,0.6,8,MM,MM,1023.3,16.2,17.0,MM,0.6,MM,MM,44032
2021,08,10,04,04,70,4.0,5.0,0.7,6,MM,MM,1023.6,16.3,17.5,MM,0.9,MM,MM,44032
2021,08,10,03,04,60,5.0,6.0,0.7,6,MM,MM,1023.8,16.4,17.8,MM,1.6,MM,MM,44032
2021,08,10,02,04,60,5.0,6.0,0.8,6,MM,MM,1023.9,16.4,18.1,MM,1.3,MM,MM,44032
2021,08,10,01,04,70,5.0,6.0,0.8,8,MM,MM,1024.0,16.7,18.2,MM,1.6,MM,MM,44032
2021,08,10,00,04,60,5.0,7.0,0.8,8,MM,MM,1023.9,16.7,18.2,MM,1.6,MM,MM,44032
2021,08,09,23,04,60,6.0,7.0,0.7,8,MM,MM,1023.5,16.7,18.2,MM,1.5,MM,MM,44032
2021,08,09,22,04,60,5.0,6.0,0.7,8,MM,MM,1023.3,17.0,18.2,MM,1.6,MM,MM,44032
2021,08,09,21,04,70,5.0,6.0,0.7,8,MM,MM,1023.5,16.7,18.1,MM,1.6,MM,MM,44032
2021,08,09,20,04,70,5.0,7.0,0.7,8,MM,MM,1024.0,16.5,18.2,MM,1.6,MM,MM,44032
2021,08,09,19,04,60,6.0,7.0,0.6,4,MM,MM,1023.9,16.8,18.3,MM,1.6,MM,MM,44032
2021,08,09,18,04,60,6.0,7.0,0.8,8,MM,MM,1024.1,17.0,18.3,MM,1.6,MM,MM,44032
2021,08,09,17,04,60,6.0,8.0,0.7,4,MM,MM,1024.5,16.6,18.0,MM,1.6,MM,MM,44032
2021,08,09,16,04,70,7.0,8.0,0.7,4,MM,MM,1024.6,16.7,18.2,MM,1.6,MM,MM,44032
2021,08,09,15,04,50,8.0,9.0,1.0,4,MM,MM,1024.6,16.7,17.9,MM,1.6,MM,MM,44032
2021,08,09,14,04,60,8.0,9.0,0.7,4,MM,MM,1024.3,16.1,17.5,MM,1.6,MM,MM,44032
2021,08,09,13,04,50,6.0,8.0,0.9,4,MM,MM,1024.1,16.0,17.3,MM,1.6,MM,MM,44032
2021,08,09,12,04,70,7.0,8.0,0.7,3,MM,MM,1023.9,16.7,17.2,MM,1.6,MM,MM,44032
2021,08,09,11,04,70,7.0,9.0,0.9,8,MM,MM,1023.6,16.4,17.4,MM,1.6,MM,MM,44032
2021,08,09,10,04,60,7.0,8.0,0.6,3,MM,MM,1023.6,17.0,17.3,MM,1.6,MM,MM,44032
2021,08,09,09,04,50,8.0,9.0,0.8,8,MM,MM,1023.1,17.4,17.4,MM,1.6,MM,MM,44032
2021,08,09,08,04,60,6.0,7.0,0.5,3,MM,MM,1023.0,17.6,17.5,MM,1.6,MM,MM,44032
2021,08,09,07,04,40,7.0,8.0,0.7,8,MM,MM,1022.5,17.8,18.1,MM,1.6,MM,MM,44032
2021,08,09,06,04,50,4.0,5.0,0.7,5,MM,MM,1022.3,18.2,18.3,MM,1.6,MM,MM,44032
2021,08,09,05,04,40,4.0,5.0,0.6,6,MM,MM,1021.8,17.9,18.3,MM,1.6,MM,MM,44032
2021,08,09,04,04,20,4.0,4.0,0.7,6,MM,MM,1021.7,18.2,18.3,MM,1.6,MM,MM,44032
2021,08,09,03,04,50,3.0,4.0,0.7,6,MM,MM,1021.7,18.4,18.1,MM,1.6,MM,MM,44032
2021,08,09,02,04,130,3.0,3.0,0.6,8,MM,MM,1022.0,18.6,18.4,MM,1.6,MM,MM,44032
2021,08,09,01,04,100,3.0,4.0,0.5,8,MM,MM,1022.0,18.8,18.5,MM,1.6,MM,MM,44032
2021,08,09,00,04,110,3.0,4.0,0.6,8,MM,MM,1021.4,18.9,18.7,MM,1.6,MM,MM,44032
2021,08,08,23,04,110,4.0,5.0,0.5,8,MM,MM,1020.9,19.2,18.8,MM,1.6,MM,MM,44032
2021,08,08,22,04,110,4.0,5.0,0.5,8,MM,MM,1020.3,20.6,18.8,MM,1.6,MM,MM,44032
2021,08,08,21,04,120,4.0,5.0,0.5,8,MM,MM,1019.8,21.2,19.3,MM,1.6,MM,MM,44032
2021,08,08,20,04,120,3.0,3.0,0.6,8,MM,MM,1019.6,20.9,19.5,MM,1.6,MM,MM,44032
2021,08,08,19,04,120,2.0,3.0,0.6,8,MM,MM,1019.5,20.5,19.2,MM,1.6,MM,MM,44032
2021,08,08,18,04,100,3.0,3.0,0.6,6,MM,MM,1019.6,20.4,19.2,MM,1.6,MM,MM,44032
2021,08,08,17,04,70,2.0,2.0,0.7,8,MM,MM,1019.2,20.1,18.6,MM,1.6,MM,MM,44032
2021,08,08,16,04,20,3.0,3.0,0.7,6,MM,MM,1018.8,20.0,18.9,MM,1.6,MM,MM,44032
2021,08,08,15,04,360,1.0,2.0,0.7,8,MM,MM,1018.7,20.3,18.0,MM,1.6,MM,MM,44032
2021,08,08,14,04,350,2.0,3.0,0.7,6,MM,MM,1017.9,18.9,17.7,MM,1.6,MM,MM,44032
2021,08,08,13,04,10,3.0,4.0,0.6,8,MM,MM,1017.6,18.6,17.3,MM,1.6,MM,MM,44032
2021,08,08,12,04,60,1.0,2.0,0.7,8,MM,MM,1017.5,18.8,17.4,MM,1.6,MM,MM,44032
2021,08,08,11,04,340,4.0,4.0,0.6,8,MM,MM,1016.9,18.9,17.5,MM,1.6,MM,MM,44032
2021,08,08,10,04,280,2.0,2.0,0.6,8,MM,MM,1016.5,18.8,17.5,MM,1.6,MM,MM,44032
2021,08,08,09,04,280,2.0,2.0,0.7,8,MM,MM,1015.5,18.6,17.2,MM,1.6,MM,MM,44032
2021,08,08,08,04,230,2.0,3.0,0.7,6,MM,MM,1015.0,18.3,17.5,MM,1.6,MM,MM,44032
2021,08,08,07,04,240,2.0,2.0,0.6,6,MM,MM,1014.8,18.5,17.8,MM,1.6,MM,MM,44032
2021,08,08,06,04,250,2.0,3.0,0.7,6,MM,MM,1015.0,18.5,17.6,MM,1.6,MM,MM,44032
2021,08,08,05,04,260,2.0,3.0,0.7,6,MM,MM,1014.9,18.4,17.2,MM,1.6,MM,MM,44032
2021,08,08,04,04,220,3.0,3.0,0.7,6,MM,MM,1014.8,19.4,17.5,MM,1.6,MM,MM,44032
2021,08,08,03,04,260,2.0,3.0,0.7,8,MM,MM,1014.8,19.5,17.6,MM,1.6,MM,MM,44032
2021,08,08,02,04,210,5.0,5.0,0.8,6,MM,MM,1014.4,19.3,17.7,MM,1.6,MM,MM,44032
2021,08,08,01,04,200,5.0,6.0,0.8,6,MM,MM,1014.3,19.4,17.7,MM,1.6,MM,MM,44032
2021,08,08,00,04,210,5.0,6.0,0.8,6,MM,MM,1014.3,19.4,17.6,MM,1.6,MM,MM,44032
2021,08,07,23,04,200,5.0,6.0,0.9,6,MM,MM,1014.2,19.0,17.6,MM,1.6,MM,MM,44032
2021,08,07,22,04,200,6.0,7.0,0.8,8,MM,MM,1014.3,19.6,17.5,MM,1.6,MM,MM,44032
2021,08,07,21,04,200,5.0,6.0,0.9,8,MM,MM,1014.7,19.1,17.6,MM,1.6,MM,MM,44032
2021,08,07,20,04,190,6.0,7.0,0.9,8,MM,MM,1014.9,19.1,17.7,MM,1.6,MM,MM,44032
2021,08,07,19,04,190,5.0,5.0,0.9,6,MM,MM,1015.4,19.2,17.7,MM,1.6,MM,MM,44032
2021,08,07,18,04,200,3.0,4.0,0.9,6,MM,MM,1015.7,19.1,17.8,MM,1.6,MM,MM,44032
2021,08,07,17,04,200,4.0,4.0,0.9,6,MM,MM,1015.8,19.1,17.6,MM,1.6,MM,MM,44032
2021,08,07,16,04,220,3.0,4.0,0.9,6,MM,MM,1016.6,19.0,17.5,MM,1.6,MM,MM,44032
2021,08,07,15,04,220,3.0,4.0,0.9,6,MM,MM,1016.8,18.9,17.5,MM,1.6,MM,MM,44032
2021,08,07,14,04,210,3.0,4.0,0.9,6,MM,MM,1017.0,18.8,17.3,MM,1.6,MM,MM,44032
2021,08,07,13,04,220,3.0,4.0,0.9,8,MM,MM,1017.3,18.8,17.1,MM,1.6,MM,MM,44032
2021,08,07,12,04,230,2.0,3.0,0.9,8,MM,MM,1017.3,18.6,17.0,MM,1.6,MM,MM,44032
2021,08,07,11,04,220,3.0,4.0,0.8,8,MM,MM,1017.1,18.4,16.9,MM,1.6,MM,MM,44032
2021,08,07,10,04,220,3.0,4.0,0.8,8,MM,MM,1017.0,18.3,16.9,MM,1.6,MM,MM,44032
2021,08,07,09,04,210,3.0,4.0,0.8,8,MM,MM,1017.3,18.2,17.0,MM,1.6,MM,MM,44032
2021,08,07,08,04,210,4.0,5.0,0.9,8,MM,MM,1017.3,18.6,17.0,MM,1.6,MM,MM,44032
2021,08,07,07,04,220,4.0,5.0,0.9,8,MM,MM,1017.7,18.8,17.0,MM,1.6,MM,MM,44032
2021,08,07,06,04,230,4.0,4.0,1.0,8,MM,MM,1017.9,18.9,17.0,MM,1.6,MM,MM,44032
2021,08,07,05,04,220,4.0,5.0,1.0,8,MM,MM,1018.1,19.2,17.1,MM,1.6,MM,MM,44032
2021,08,07,04,04,240,2.0,3.0,1.1,8,MM,MM,1018.2,18.5,17.0,MM,1.6,MM,MM,44032
2021,08,07,03,04,180,3.0,4.0,1.1,8,MM,MM,1018.2,18.3,17.2,MM,1.6,MM,MM,44032
2021,08,07,02,04,200,4.0,5.0,1.2,8,MM,MM,1018.7,19.1,17.4,MM,1.6,MM,MM,44032
2021,08,07,01,04,200,4.0,5.0,1.2,8,MM,MM,1018.7,18.8,17.5,MM,1.6,MM,MM,44032
2021,08,07,00,04,200,5.0,6.0,1.3,8,MM,MM,1018.6,19.0,17.6,MM,1.6,MM,MM,44032
2021,08,06,23,04,190,4.0,5.0,1.2,8,MM,MM,1018.8,19.0,17.6,MM,1.6,MM,MM,44032
2021,08,06,22,04,190,5.0,5.0,1.2,8,MM,MM,1019.0,19.2,17.6,MM,1.6,MM,MM,44032
2021,08,06,21,04,200,3.0,4.0,1.2,8,MM,MM,1019.3,19.5,17.5,MM,1.6,MM,MM,44032
2021,08,06,20,04,210,4.0,4.0,1.1,8,MM,MM,1019.5,19.2,17.5,MM,1.6,MM,MM,44032
2021,08,06,19,04,210,4.0,4.0,1.0,8,MM,MM,1019.8,19.0,17.5,MM,1.6,MM,MM,44032
2021,08,06,18,04,230,3.0,4.0,1.0,8,MM,MM,1020.1,18.8,17.0,MM,1.6,MM,MM,44032
2021,08,06,17,04,240,3.0,3.0,1.0,8,MM,MM,1020.1,18.5,17.4,MM,1.6,MM,MM,44032
2021,08,06,16,04,250,3.0,4.0,1.0,8,MM,MM,1020.3,18.3,17.2,MM,1.6,MM,MM,44032
2021,08,06,15,04,260,4.0,4.0,1.1,11,MM,MM,1020.3,18.1,17.3,MM,1.6,MM,MM,44032
2021,08,06,14,04,260,4.0,4.0,1.3,8,MM,MM,1020.1,17.9,17.0,MM,1.6,MM,MM,44032
2021,08,06,13,04,250,3.0,4.0,1.2,8,MM,MM,1020.1,17.7,16.7,MM,1.6,MM,MM,44032
2021,08,06,12,04,250,3.0,4.0,1.2,8,MM,MM,1019.8,17.3,16.4,MM,1.6,MM,MM,44032
2021,08,06,11,04,240,2.0,3.0,1.3,8,MM,MM,1019.6,16.7,16.2,MM,1.6,MM,MM,44032
2021,08,06,10,04,280,3.0,3.0,1.3,8,MM,MM,1018.8,16.6,16.0,MM,0.5,MM,MM,44032
2021,08,06,09,04,280,4.0,4.0,1.2,8,MM,MM,1018.7,16.9,15.9,MM,1.6,MM,MM,44032
2021,08,06,08,04,280,3.0,4.0,1.3,8,MM,MM,1018.1,16.9,16.3,MM,1.6,MM,MM,44032
2021,08,06,07,04,290,3.0,4.0,1.3,6,MM,MM,1017.5,16.8,16.4,MM,0.6,MM,MM,44032
2021,08,06,06,04,280,3.0,4.0,1.3,6,MM,MM,1018.0,16.8,16.4,MM,0.9,MM,MM,44032
2021,08,06,05,04,330,2.0,2.0,1.2,6,MM,MM,1017.7,16.6,16.3,MM,1.6,MM,MM,44032
2021,08,06,04,04,330,2.0,3.0,1.4,8,MM,MM,1017.5,16.9,16.8,MM,1.6,MM,MM,44032
2021,08,06,03,04,240,1.0,1.0,1.4,8,MM,MM,1017.7,17.9,17.5,MM,1.6,MM,MM,44032
2021,08,06,02,04,130,3.0,4.0,1.3,8,MM,MM,1017.5,17.7,17.7,MM,1.6,MM,MM,44032
2021,08,06,01,04,90,2.0,2.0,1.4,8,MM,MM,1018.1,17.4,17.7,MM,1.6,MM,MM,44032
2021,08,06,00,04,270,1.0,1.0,1.3,6,MM,MM,1018.2,17.4,17.7,MM,1.6,MM,MM,44032
2021,08,05,23,04,20,1.0,2.0,1.3,8,MM,MM,1017.6,17.2,17.6,MM,0.6,MM,MM,44032
2021,08,05,22,04,260,3.0,4.0,1.2,8,MM,MM,1017.6,18.0,17.4,MM,0.4,MM,MM,44032
2021,08,05,21,04,210,5.0,6.0,1.0,5,MM,MM,1017.6,18.7,17.3,MM,0.6,MM,MM,44032
2021,08,05,20,04,160,3.0,5.0,0.9,8,MM,MM,1017.4,18.0,16.8,MM,1.6,MM,MM,44032
2021,08,05,19,04,80,4.0,6.0,0.9,8,MM,MM,1017.9,16.6,16.6,MM,1.6,MM,MM,44032
2021,08,05,18,04,80,6.0,7.0,1.0,8,MM,MM,1018.7,16.1,16.5,MM,1.6,MM,MM,44032
2021,08,05,17,04,70,8.0,9.0,1.1,8,MM,MM,1019.1,15.9,16.4,MM,1.6,MM,MM,44032
2021,08,05,16,04,50,8.0,10.0,1.0,5,MM,MM,1019.7,15.9,16.3,MM,1.6,MM,MM,44032
2021,08,05,15,04,60,8.0,10.0,1.2,8,MM,MM,1020.4,16.2,16.2,MM,1.6,MM,MM,44032
2021,08,05,14,04,50,9.0,10.0,1.1,8,MM,MM,1020.2,16.2,16.3,MM,1.6,MM,MM,44032
2021,08,05,13,04,30,7.0,8.0,1.2,8,MM,MM,1020.6,16.5,16.6,MM,1.6,MM,MM,44032
2021,08,05,12,04,30,7.0,8.0,1.1,6,MM,MM,1020.6,16.3,16.6,MM,1.6,MM,MM,44032
2021,08,05,11,04,40,7.0,9.0,1.2,8,MM,MM,1020.2,16.3,16.6,MM,1.6,MM,MM,44032
2021,08,05,10,04,40,6.0,7.0,1.1,8,MM,MM,1020.6,16.4,16.9,MM,1.6,MM,MM,44032
2021,08,05,09,04,60,7.0,9.0,1.1,8,MM,MM,1020.6,16.4,16.9,MM,1.6,MM,MM,44032
2021,08,05,08,04,50,7.0,9.0,1.1,8,MM,MM,1020.8,16.6,17.1,MM,1.6,MM,MM,44032
2021,08,05,07,04,60,6.0,7.0,0.8,8,MM,MM,1021.6,16.7,17.1,MM,1.6,MM,MM,44032
2021,08,05,06,04,50,4.0,5.0,0.7,8,MM,MM,1022.4,17.0,17.2,MM,1.6,MM,MM,44032
2021,08,05,05,04,100,2.0,3.0,0.7,11,MM,MM,1023.4,17.1,17.0,MM,1.6,MM,MM,44032
2021,08,05,04,04,130,2.0,3.0,0.3,3,MM,MM,1023.6,17.4,17.1,MM,1.6,MM,MM,44032
2021,08,05,03,04,140,4.0,4.0,0.3,3,MM,MM,1023.5,17.8,17.1,MM,1.6,MM,MM,44032
2021,08,05,02,04,160,3.0,4.0,0.3,3,MM,MM,1023.4,18.4,17.2,MM,1.6,MM,MM,44032
2021,08,05,01,04,170,3.0,4.0,0.5,6,MM,MM,1023.5,18.4,17.2,MM,1.6,MM,MM,44032
2021,08,05,00,04,190,2.0,3.0,0.6,8,MM,MM,1023.5,18.4,17.6,MM,1.6,MM,MM,44032
2021,08,04,23,04,190,2.0,3.0,0.6,8,MM,MM,1023.1,18.6,17.3,MM,1.6,MM,MM,44032
2021,08,04,22,04,170,4.0,4.0,0.6,8,MM,MM,1022.8,18.9,17.4,MM,1.6,MM,MM,44032
2021,08,04,21,04,180,4.0,4.0,0.7,8,MM,MM,1023.0,19.5,16.6,MM,1.6,MM,MM,44032
2021,08,04,20,04,190,3.0,3.0,0.6,8,MM,MM,1022.9,19.5,17.5,MM,1.6,MM,MM,44032
2021,08,04,19,04,180,2.0,2.0,0.6,8,MM,MM,1022.9,19.5,18.2,MM,1.6,MM,MM,44032
2021,08,04,18,04,170,1.0,1.0,0.6,8,MM,MM,1022.9,20.0,17.5,MM,1.6,MM,MM,44032
2021,08,04,17,04,210,1.0,2.0,0.7,8,MM,MM,1022.8,19.7,16.3,MM,1.6,MM,MM,44032
2021,08,04,16,04,200,1.0,1.0,0.6,8,MM,MM,1022.7,19.2,16.5,MM,1.6,MM,MM,44032
2021,08,04,15,04,210,1.0,1.0,0.6,8,MM,MM,1022.0,18.4,16.1,MM,1.6,MM,MM,44032
2021,08,04,14,04,260,1.0,1.0,0.7,8,MM,MM,1021.8,17.6,16.0,MM,1.6,MM,MM,44032
2021,08,04,13,04,270,1.0,1.0,0.7,8,MM,MM,1020.9,17.5,15.9,MM,1.6,MM,MM,44032
2021,08,04,12,04,220,2.0,2.0,0.8,8,MM,MM,1020.4,16.8,16.2,MM,1.6,MM,MM,44032
2021,08,04,11,04,230,1.0,2.0,0.8,8,MM,MM,1020.0,16.8,16.3,MM,1.6,MM,MM,44032
2021,08,04,10,04,210,2.0,2.0,MM,MM,MM,MM,1019.6,16.9,16.3,MM,1.6,MM,MM,44032
2021,08,04,09,04,200,2.0,2.0,0.7,8,MM,MM,1019.0,16.9,16.3,MM,1.6,MM,MM,44032
2021,08,04,08,04,160,2.0,3.0,0.7,8,MM,MM,1018.8,16.5,16.3,MM,1.6,MM,MM,44032
2021,08,04,07,04,270,1.0,2.0,0.7,8,MM,MM,1018.8,16.8,16.1,MM,1.6,MM,MM,44032
2021,08,04,06,04,230,2.0,3.0,0.7,8,MM,MM,1019.0,16.9,16.0,MM,1.6,MM,MM,44032
2021,08,04,05,04,220,3.0,3.0,0.8,8,MM,MM,1019.2,17.2,15.8,MM,1.6,MM,MM,44032
2021,08,04,04,04,200,3.0,3.0,0.7,11,MM,MM,1019.3,17.4,16.1,MM,1.6,MM,MM,44032
2021,08,04,03,04,200,3.0,4.0,0.9,11,MM,MM,1019.2,17.6,16.3,MM,1.6,MM,MM,44032
2021,08,04,02,04,190,4.0,4.0,0.9,11,MM,MM,1019.1,17.7,16.3,MM,1.6,MM,MM,44032
2021,08,04,01,04,200,4.0,5.0,0.5,3,MM,MM,1019.1,17.9,16.3,MM,1.6,MM,MM,44032
2021,08,04,00,04,210,5.0,5.0,1.1,6,MM,MM,1018.5,18.0,16.4,MM,1.6,MM,MM,44032
2021,08,03,23,04,200,6.0,7.0,1.2,8,MM,MM,1018.4,18.2,16.6,MM,1.6,MM,MM,44032
2021,08,03,22,04,210,5.0,6.0,1.2,8,MM,MM,1018.2,18.1,16.6,MM,1.6,MM,MM,44032
2021,08,03,21,04,210,5.0,6.0,1.2,8,MM,MM,1018.4,18.2,16.5,MM,1.6,MM,MM,44032
2021,08,03,20,04,210,5.0,6.0,1.1,8,MM,MM,1018.7,18.1,16.6,MM,1.6,MM,MM,44032
2021,08,03,19,04,210,5.0,6.0,1.1,8,MM,MM,1019.1,18.2,16.6,MM,1.6,MM,MM,44032
2021,08,03,18,04,210,4.0,5.0,1.0,8,MM,MM,1019.2,17.8,16.6,MM,1.6,MM,MM,44032
2021,08,03,17,04,210,4.0,5.0,0.8,8,MM,MM,1019.6,17.7,16.3,MM,1.6,MM,MM,44032
2021,08,03,16,04,220,3.0,4.0,0.8,8,MM,MM,1020.0,16.9,16.2,MM,1.6,MM,MM,44032
2021,08,03,15,04,220,4.0,4.0,0.8,8,MM,MM,1020.0,16.8,16.3,MM,1.6,MM,MM,44032
2021,08,03,14,04,230,2.0,3.0,0.7,11,MM,MM,1019.6,16.6,16.2,MM,1.6,MM,MM,44032
2021,08,03,13,04,220,2.0,2.0,0.8,8,MM,MM,1019.6,16.5,15.9,MM,1.6,MM,MM,44032
2021,08,03,12,04,240,1.0,2.0,0.8,8,MM,MM,1019.2,16.6,15.8,MM,1.6,MM,MM,44032
2021,08,03,11,04,240,2.0,3.0,0.7,11,MM,MM,1019.0,16.5,15.7,MM,1.6,MM,MM,44032
2021,08,03,10,04,210,2.0,2.0,0.7,8,MM,MM,1018.7,16.6,15.8,MM,1.6,MM,MM,44032
2021,08,03,09,04,270,2.0,3.0,0.7,8,MM,MM,1018.4,16.5,15.8,MM,1.6,MM,MM,44032
2021,08,03,08,04,250,3.0,4.0,0.7,8,MM,MM,1018.1,16.6,15.8,MM,1.6,MM,MM,44032
2021,08,03,07,04,240,2.0,3.0,0.6,8,MM,MM,1017.7,16.9,15.9,MM,1.6,MM,MM,44032
2021,08,03,06,04,270,2.0,3.0,0.7,8,MM,MM,1017.4,17.0,15.9,MM,1.6,MM,MM,44032
2021,08,03,05,04,300,3.0,3.0,0.6,8,MM,MM,1016.9,17.1,16.0,MM,1.6,MM,MM,44032
2021,08,03,04,04,300,3.0,4.0,0.6,8,MM,MM,1016.4,17.6,16.1,MM,1.6,MM,MM,44032
2021,08,03,03,04,230,2.0,2.0,0.5,8,MM,MM,1015.9,17.8,16.4,MM,1.6,MM,MM,44032
2021,08,03,02,04,230,3.0,4.0,0.5,8,MM,MM,1015.3,17.6,16.7,MM,1.6,MM,MM,44032
2021,08,03,01,04,190,3.0,3.0,0.5,8,MM,MM,1014.7,18.0,17.1,MM,1.6,MM,MM,44032
2021,08,03,00,04,170,2.0,2.0,0.5,8,MM,MM,1013.7,18.3,17.4,MM,1.6,MM,MM,44032
2021,08,02,23,04,210,2.0,3.0,0.5,8,MM,MM,1013.1,19.2,17.1,MM,1.6,MM,MM,44032
2021,08,02,22,04,350,3.0,4.0,0.5,8,MM,MM,1012.2,19.6,17.4,MM,1.6,MM,MM,44032
2021,08,02,21,04,320,3.0,4.0,0.5,8,MM,MM,1011.5,19.7,17.3,MM,1.6,MM,MM,44032
2021,08,02,20,04,270,1.0,2.0,0.5,8,MM,MM,1010.9,19.8,16.5,MM,1.6,MM,MM,44032
2021,08,02,19,04,290,1.0,2.0,0.5,8,MM,MM,1010.4,18.6,16.6,MM,1.6,MM,MM,44032
2021,08,02,18,04,270,1.0,2.0,0.5,8,MM,MM,1010.0,18.9,16.7,MM,1.6,MM,MM,44032
2021,08,02,17,04,240,1.0,2.0,0.5,8,MM,MM,1009.7,18.2,16.7,MM,1.6,MM,MM,44032
2021,08,02,16,04,120,2.0,3.0,0.5,8,MM,MM,1009.4,17.1,16.5,MM,1.6,MM,MM,44032
2021,08,02,15,04,90,2.0,3.0,0.5,8,MM,MM,1009.3,16.7,15.8,MM,1.6,MM,MM,44032
2021,08,02,14,04,140,2.0,2.0,0.5,8,MM,MM,1009.2,16.3,15.7,MM,1.6,MM,MM,44032
2021,08,02,13,04,140,2.0,3.0,0.6,6,MM,MM,1009.3,16.1,15.6,MM,1.6,MM,MM,44032
2021,08,02,12,04,120,4.0,5.0,0.7,6,MM,MM,1009.3,15.9,15.6,MM,1.6,MM,MM,44032
2021,08,02,11,04,120,4.0,4.0,0.7,6,MM,MM,1009.7,15.7,15.7,MM,1.4,MM,MM,44032
2021,08,02,10,04,130,3.0,4.0,0.8,6,MM,MM,1009.7,15.6,15.7,MM,1.6,MM,MM,44032
2021,08,02,09,04,120,4.0,6.0,0.7,6,MM,MM,1009.7,15.8,15.8,MM,1.6,MM,MM,44032
2021,08,02,08,04,130,3.0,4.0,0.7,8,MM,MM,1009.8,16.0,15.8,MM,1.6,MM,MM,44032
2021,08,02,07,04,120,3.0,4.0,0.7,8,MM,MM,1010.3,15.9,15.7,MM,1.6,MM,MM,44032
2021,08,02,06,04,130,3.0,3.0,0.7,8,MM,MM,1010.9,16.0,15.6,MM,1.6,MM,MM,44032
2021,08,02,05,04,150,3.0,4.0,0.6,8,MM,MM,1011.6,16.2,15.7,MM,1.6,MM,MM,44032
2021,08,02,04,04,130,3.0,3.0,0.5,8,MM,MM,1011.7,16.2,15.9,MM,1.6,MM,MM,44032
2021,08,02,03,04,140,4.0,4.0,0.5,8,MM,MM,1012.3,16.5,15.7,MM,1.6,MM,MM,44032
2021,08,02,02,04,140,4.0,5.0,0.5,8,MM,MM,1012.7,16.6,15.8,MM,1.6,MM,MM,44032
2021,08,02,01,04,150,4.0,5.0,0.5,8,MM,MM,1012.8,16.8,15.6,MM,1.6,MM,MM,44032
2021,08,02,00,04,140,4.0,4.0,0.5,8,MM,MM,1012.5,16.9,15.4,MM,1.6,MM,MM,44032
2021,08,01,23,04,140,3.0,4.0,0.6,11,MM,MM,1012.5,17.3,16.6,MM,1.6,MM,MM,44032
2021,08,01,22,04,160,3.0,3.0,0.6,8,MM,MM,1012.7,17.7,16.3,MM,1.6,MM,MM,44032
2021,08,01,21,04,140,2.0,3.0,0.6,8,MM,MM,1012.8,17.7,16.2,MM,1.6,MM,MM,44032
2021,08,01,20,04,160,1.0,2.0,0.7,8,MM,MM,1013.2,17.5,16.0,MM,1.6,MM,MM,44032
2021,08,01,19,04,210,2.0,3.0,0.6,8,MM,MM,1013.6,17.6,16.2,MM,1.6,MM,MM,44032
2021,08,01,18,04,210,2.0,2.0,0.6,8,MM,MM,1013.9,17.6,16.4,MM,1.6,MM,MM,44032
2021,08,01,17,04,180,2.0,2.0,0.5,8,MM,MM,1013.9,17.6,16.3,MM,1.6,MM,MM,44032
2021,08,01,16,04,190,2.0,2.0,0.5,8,MM,MM,1014.3,17.6,15.2,MM,1.6,MM,MM,44032
2021,08,01,15,04,210,1.0,2.0,0.4,8,MM,MM,1014.3,17.3,15.0,MM,1.6,MM,MM,44032
2021,08,01,14,04,210,2.0,2.0,0.5,6,MM,MM,1014.3,16.1,14.9,MM,1.6,MM,MM,44032
2021,08,01,13,04,220,1.0,2.0,0.4,8,MM,MM,1014.2,16.0,14.8,MM,1.6,MM,MM,44032
2021,08,01,12,04,210,2.0,2.0,0.4,6,MM,MM,1014.2,15.4,14.6,MM,1.6,MM,MM,44032
2021,08,01,11,04,230,1.0,2.0,0.4,6,MM,MM,1013.7,15.5,14.5,MM,1.6,MM,MM,44032
2021,08,01,10,04,250,1.0,2.0,0.5,8,MM,MM,1013.4,15.5,14.5,MM,1.6,MM,MM,44032
2021,08,01,09,04,250,3.0,3.0,0.5,8,MM,MM,1013.0,15.1,14.5,MM,1.6,MM,MM,44032
2021,08,01,08,04,240,3.0,3.0,0.5,8,MM,MM,1012.6,15.5,14.8,MM,1.6,MM,MM,44032
2021,08,01,07,04,260,2.0,3.0,0.6,8,MM,MM,1012.6,15.7,15.0,MM,1.6,MM,MM,44032
2021,08,01,06,04,260,2.0,3.0,0.6,8,MM,MM,1012.6,15.9,15.1,MM,1.6,MM,MM,44032
2021,08,01,05,04,260,3.0,3.0,0.6,4,MM,MM,1012.6,15.9,15.1,MM,1.6,MM,MM,44032
2021,08,01,04,04,250,2.0,3.0,0.7,5,MM,MM,1012.7,15.8,15.2,MM,1.6,MM,MM,44032
2021,08,01,03,04,250,2.0,3.0,0.7,5,MM,MM,1012.7,15.9,15.1,MM,1.6,MM,MM,44032
2021,08,01,02,04,280,3.0,3.0,0.8,5,MM,MM,1012.6,15.9,14.8,MM,1.6,MM,MM,44032
2021,08,01,01,04,260,4.0,4.0,0.8,5,MM,MM,1012.1,16.0,14.8,MM,1.6,MM,MM,44032
2021,08,01,00,04,220,4.0,5.0,0.8,8,MM,MM,1011.6,16.1,14.9,MM,1.6,MM,MM,44032
2021,07,31,22,04,210,6.0,7.0,0.9,6,MM,MM,1011.0,16.4,14.8,MM,1.6,MM,MM,44032
2021,07,31,21,04,220,7.0,8.0,1.0,4,MM,MM,1010.9,16.3,14.8,MM,1.6,MM,MM,44032
2021,07,31,20,04,230,8.0,9.0,1.0,8,MM,MM,1010.8,16.2,14.9,MM,1.6,MM,MM,44032
2021,07,31,19,04,230,7.0,9.0,1.0,8,MM,MM,1010.8,15.9,14.8,MM,1.6,MM,MM,44032
2021,07,31,18,04,230,7.0,8.0,0.9,8,MM,MM,1010.6,15.6,14.8,MM,1.6,MM,MM,44032
2021,07,31,17,04,240,6.0,7.0,0.9,8,MM,MM,1010.9,15.6,14.7,MM,1.6,MM,MM,44032
2021,07,31,16,04,220,6.0,7.0,0.8,8,MM,MM,1011.1,15.3,14.6,MM,1.6,MM,MM,44032
2021,07,31,15,04,240,5.0,6.0,0.8,8,MM,MM,1011.2,15.4,14.7,MM,1.6,MM,MM,44032
2021,07,31,14,04,290,6.0,7.0,0.8,8,MM,MM,1011.1,15.2,14.6,MM,1.6,MM,MM,44032
2021,07,31,13,04,300,6.0,7.0,0.7,8,MM,MM,1010.9,15.0,14.3,MM,1.6,MM,MM,44032
2021,07,31,12,04,300,7.0,9.0,0.7,8,MM,MM,1010.8,15.0,14.6,MM,1.6,MM,MM,44032
2021,07,31,11,04,280,7.0,8.0,0.8,8,MM,MM,1010.5,14.8,14.6,MM,1.6,MM,MM,44032
2021,07,31,10,04,280,7.0,9.0,0.9,8,MM,MM,1010.0,14.9,14.6,MM,1.6,MM,MM,44032
2021,07,31,09,04,280,7.0,8.0,0.8,8,MM,MM,1009.3,14.9,14.5,MM,1.6,MM,MM,44032
2021,07,31,08,04,290,6.0,8.0,0.9,8,MM,MM,1008.8,14.9,14.4,MM,1.6,MM,MM,44032
2021,07,31,07,04,320,8.0,9.0,1.0,8,MM,MM,1008.7,15.0,14.5,MM,1.6,MM,MM,44032
2021,07,31,06,04,300,9.0,11.0,0.9,8,MM,MM,1008.7,15.7,14.6,MM,1.6,MM,MM,44032
2021,07,31,05,04,290,8.0,10.0,0.9,8,MM,MM,1009.0,15.7,14.6,MM,1.6,MM,MM,44032
2021,07,31,04,04,290,6.0,8.0,0.8,8,MM,MM,1008.9,15.9,14.6,MM,1.6,MM,MM,44032
2021,07,31,03,04,310,7.0,10.0,0.8,8,MM,MM,1008.9,16.7,14.6,MM,1.6,MM,MM,44032
2021,07,31,02,04,310,6.0,8.0,0.8,3,MM,MM,1008.7,17.0,14.7,MM,1.6,MM,MM,44032
2021,07,31,01,04,310,9.0,11.0,0.7,3,MM,MM,1007.4,17.9,14.5,MM,1.6,MM,MM,44032
2021,07,31,00,04,290,6.0,8.0,0.7,5,MM,MM,1005.9,17.8,15.6,MM,1.6,MM,MM,44032
2021,07,30,23,04,270,4.0,5.0,0.8,6,MM,MM,1004.9,17.9,16.0,MM,1.6,MM,MM,44032
2021,07,30,22,04,310,7.0,8.0,0.8,6,MM,MM,1004.1,19.2,15.8,MM,1.6,MM,MM,44032
2021,07,30,21,04,280,5.0,6.0,0.8,6,MM,MM,1004.0,18.5,16.1,MM,1.6,MM,MM,44032
2021,07,30,20,04,250,6.0,8.0,0.8,6,MM,MM,1003.5,17.8,16.5,MM,1.6,MM,MM,44032
2021,07,30,19,04,260,4.0,5.0,0.7,6,MM,MM,1003.2,18.7,16.6,MM,1.6,MM,MM,44032
2021,07,30,18,04,260,2.0,3.0,0.8,6,MM,MM,1003.4,18.4,16.4,MM,1.6,MM,MM,44032
2021,07,30,17,04,270,4.0,5.0,0.9,6,MM,MM,1003.7,17.9,16.4,MM,1.6,MM,MM,44032
2021,07,30,16,04,290,3.0,3.0,1.0,6,MM,MM,1003.7,17.2,16.0,MM,1.6,MM,MM,44032
2021,07,30,15,04,290,2.0,3.0,1.1,6,MM,MM,1003.5,16.4,15.5,MM,1.6,MM,MM,44032
2021,07,30,14,04,360,4.0,5.0,1.2,6,MM,MM,1002.9,15.9,15.4,MM,1.6,MM,MM,44032
2021,07,30,13,04,350,5.0,6.0,1.4,6,MM,MM,1002.6,15.5,15.3,MM,1.6,MM,MM,44032
2021,07,30,12,04,360,7.0,8.0,1.6,6,MM,MM,1002.6,15.1,15.3,MM,1.6,MM,MM,44032
2021,07,30,11,04,70,3.0,4.0,1.5,6,MM,MM,1001.6,15.3,15.2,MM,1.6,MM,MM,44032
2021,07,30,10,04,90,6.0,7.0,1.7,6,MM,MM,1001.1,15.3,15.4,MM,1.6,MM,MM,44032
2021,07,30,09,04,110,7.0,9.0,1.5,6,MM,MM,1001.3,15.5,15.6,MM,1.6,MM,MM,44032
2021,07,30,08,04,110,8.0,10.0,1.4,6,MM,MM,1002.1,15.6,15.6,MM,1.6,MM,MM,44032
2021,07,30,07,04,130,9.0,11.0,1.6,6,MM,MM,1003.3,16.2,15.8,MM,1.6,MM,MM,44032
2021,07,30,06,04,140,11.0,13.0,1.4,6,MM,MM,1004.4,16.3,15.9,MM,1.6,MM,MM,44032
2021,07,30,05,04,130,10.0,13.0,1.4,6,MM,MM,1006.0,15.5,15.8,MM,1.6,MM,MM,44032
2021,07,30,04,04,180,9.0,11.0,1.5,6,MM,MM,1008.8,16.1,15.9,MM,1.6,MM,MM,44032
2021,07,30,03,04,190,5.0,6.0,1.7,6,MM,MM,1009.8,16.1,15.8,MM,1.6,MM,MM,44032
2021,07,30,02,04,200,9.0,10.0,1.5,6,MM,MM,1010.5,17.1,16.0,MM,1.6,MM,MM,44032
2021,07,30,01,04,200,8.0,10.0,1.5,6,MM,MM,1011.0,17.2,16.1,MM,1.6,MM,MM,44032
2021,07,30,00,04,200,8.0,10.0,1.5,5,MM,MM,1010.6,17.7,16.1,MM,1.6,MM,MM,44032
2021,07,29,23,04,200,9.0,11.0,1.2,5,MM,MM,1010.9,18.1,15.9,MM,1.6,MM,MM,44032
2021,07,29,22,04,180,8.0,9.0,0.9,5,MM,MM,1011.1,18.1,16.1,MM,1.6,MM,MM,44032
2021,07,29,21,04,190,9.0,10.0,0.8,4,MM,MM,1012.2,17.3,16.3,MM,1.6,MM,MM,44032
2021,07,29,20,04,180,6.0,7.0,0.4,3,MM,MM,1012.3,18.0,16.8,MM,1.6,MM,MM,44032
2021,07,29,19,04,180,4.0,5.0,0.5,11,MM,MM,1013.3,18.0,17.2,MM,1.6,MM,MM,44032
2021,07,29,18,04,190,4.0,4.0,0.4,6,MM,MM,1014.1,18.8,17.1,MM,1.6,MM,MM,44032
2021,07,29,17,04,160,3.0,4.0,0.4,8,MM,MM,1014.8,18.0,17.1,MM,1.6,MM,MM,44032
2021,07,29,16,04,140,3.0,3.0,0.5,8,MM,MM,1015.5,17.3,16.8,MM,1.6,MM,MM,44032
2021,07,29,15,04,160,3.0,5.0,0.4,8,MM,MM,1016.4,17.6,16.4,MM,1.6,MM,MM,44032
2021,07,29,14,04,MM,0.0,1.0,0.4,8,MM,MM,1016.4,19.4,16.4,MM,1.6,MM,MM,44032
2021,07,29,13,04,220,1.0,1.0,0.4,8,MM,MM,1016.9,17.1,16.0,MM,1.6,MM,MM,44032
2021,07,29,12,04,200,2.0,2.0,0.4,11,MM,MM,1017.3,15.8,15.6,MM,1.6,MM,MM,44032
2021,07,29,11,04,MM,0.0,1.0,0.4,8,MM,MM,1016.8,17.5,15.9,MM,1.6,MM,MM,44032
2021,07,29,10,04,330,2.0,2.0,0.4,11,MM,MM,1016.4,15.9,16.1,MM,1.6,MM,MM,44032
2021,07,29,09,04,330,2.0,2.0,0.5,8,MM,MM,1016.1,15.9,16.2,MM,1.6,MM,MM,44032
2021,07,29,08,04,330,3.0,4.0,0.4,6,MM,MM,1015.7,16.2,16.6,MM,1.6,MM,MM,44032
2021,07,29,07,04,330,3.0,3.0,0.5,6,MM,MM,1015.9,16.3,16.6,MM,1.6,MM,MM,44032
2021,07,29,06,04,310,2.0,3.0,0.5,8,MM,MM,1016.0,16.4,16.6,MM,1.6,MM,MM,44032
2021,07,29,05,04,260,2.0,3.0,0.5,6,MM,MM,1016.1,16.8,16.7,MM,1.6,MM,MM,44032
2021,07,29,04,04,250,4.0,5.0,0.5,8,MM,MM,1016.4,17.0,16.8,MM,1.6,MM,MM,44032
2021,07,29,03,04,250,4.0,4.0,0.5,8,MM,MM,1016.1,16.9,16.9,MM,1.6,MM,MM,44032
2021,07,29,02,04,240,4.0,4.0,0.6,8,MM,MM,1016.1,17.2,17.1,MM,1.6,MM,MM,44032
2021,07,29,01,04,250,5.0,6.0,0.3,3,MM,MM,1016.1,17.4,17.2,MM,1.6,MM,MM,44032
2021,07,29,00,04,250,5.0,7.0,0.6,8,MM,MM,1015.9,17.7,17.2,MM,1.6,MM,MM,44032
2021,07,28,23,04,250,6.0,7.0,0.5,6,MM,MM,1015.7,18.1,17.3,MM,1.6,MM,MM,44032
2021,07,28,22,04,230,4.0,5.0,0.5,8,MM,MM,1015.2,19.2,17.3,MM,1.6,MM,MM,44032
2021,07,28,21,04,220,4.0,5.0,0.5,6,MM,MM,1015.0,18.6,17.6,MM,1.6,MM,MM,44032
2021,07,28,20,04,200,2.0,3.0,0.5,6,MM,MM,1015.2,19.0,18.1,MM,1.6,MM,MM,44032
2021,07,28,19,04,350,1.0,2.0,0.5,6,MM,MM,1015.0,19.9,17.5,MM,1.6,MM,MM,44032
2021,07,28,18,04,310,2.0,3.0,0.5,6,MM,MM,1015.5,19.2,17.7,MM,1.6,MM,MM,44032
2021,07,28,17,04,270,3.0,4.0,0.5,8,MM,MM,1015.9,17.8,17.3,MM,1.6,MM,MM,44032
2021,07,28,16,04,340,3.0,4.0,0.6,8,MM,MM,1016.0,17.6,16.8,MM,1.6,MM,MM,44032
2021,07,28,15,04,10,3.0,4.0,0.7,8,MM,MM,1016.3,17.1,16.4,MM,1.6,MM,MM,44032
2021,07,28,14,04,350,4.0,5.0,0.6,8,MM,MM,1016.3,16.4,16.3,MM,1.6,MM,MM,44032
2021,07,28,13,04,10,4.0,5.0,0.5,8,MM,MM,1016.1,16.2,16.3,MM,1.6,MM,MM,44032
2021,07,28,12,04,10,5.0,5.0,0.5,8,MM,MM,1016.0,16.2,16.4,MM,1.6,MM,MM,44032
2021,07,28,11,04,30,4.0,5.0,0.5,8,MM,MM,1015.2,16.1,16.5,MM,1.6,MM,MM,44032
2021,07,28,10,04,310,2.0,3.0,0.6,8,MM,MM,1014.6,16.0,16.3,MM,1.6,MM,MM,44032
2021,07,28,09,04,290,2.0,2.0,0.6,6,MM,MM,1014.2,15.7,16.2,MM,1.6,MM,MM,44032
2021,07,28,08,04,230,1.0,2.0,0.6,5,MM,MM,1013.9,15.9,16.2,MM,1.6,MM,MM,44032
2021,07,28,07,04,330,1.0,2.0,0.7,6,MM,MM,1013.7,15.7,16.3,MM,1.6,MM,MM,44032
2021,07,28,06,04,30,2.0,3.0,0.7,6,MM,MM,1013.4,15.9,16.3,MM,1.6,MM,MM,44032
2021,07,28,05,04,40,4.0,4.0,0.6,6,MM,MM,1013.4,16.2,16.1,MM,1.6,MM,MM,44032
2021,07,28,04,04,340,5.0,6.0,0.6,8,MM,MM,1013.8,16.6,16.2,MM,1.6,MM,MM,44032
2021,07,28,03,04,60,2.0,3.0,0.6,8,MM,MM,1013.4,17.2,16.2,MM,1.6,MM,MM,44032
2021,07,28,02,04,50,3.0,4.0,0.6,8,MM,MM,1013.2,16.9,16.3,MM,1.6,MM,MM,44032
2021,07,28,01,04,350,4.0,4.0,0.6,8,MM,MM,1013.6,17.4,15.8,MM,1.6,MM,MM,44032
2021,07,28,00,04,320,5.0,6.0,0.6,8,MM,MM,1013.7,18.3,16.2,MM,1.6,MM,MM,44032
